athlete_id,session_id,sensor_id,timestamp_s,body_roll_deg,pitch_deg,yaw_deg,stroke_rate_spm,lap_speed_mps,stroke_type,fatigue_level,movement_quality
A101,S900,SENS01,1,-4.13,21.08,2.65,36.35,1.053,Breaststroke,Low,Bad
A101,S900,SENS01,2,4.6,17.98,3.81,30.96,1.083,Breaststroke,Low,Medium
A101,S900,SENS01,3,2.42,14.45,-4.51,38.32,1.067,Breaststroke,Low,Good
A101,S900,SENS01,4,4.19,18.14,3.45,34.76,1.106,Breaststroke,Low,Medium
A101,S900,SENS01,5,-4.03,15.02,4.92,39.0,1.066,Breaststroke,Low,Medium
A101,S900,SENS01,6,1.42,14.89,2.26,38.09,1.051,Breaststroke,Low,Good
A101,S900,SENS01,7,-2.25,9.66,2.93,35.39,1.173,Breaststroke,Low,Medium
A101,S900,SENS01,8,0.91,11.54,2.53,35.08,1.123,Breaststroke,Low,Medium
A101,S900,SENS01,9,3.71,16.95,2.0,35.12,1.053,Breaststroke,Low,Medium
A101,S900,SENS01,10,-1.38,16.58,-4.28,33.98,1.115,Breaststroke,Medium,Good
A101,S900,SENS01,11,-1.74,12.24,-2.31,35.43,1.092,Breaststroke,Low,Good
A101,S900,SENS01,12,2.72,9.54,0.19,35.79,1.088,Breaststroke,Low,Medium
A101,S900,SENS01,13,-4.77,17.46,0.95,34.33,1.135,Breaststroke,Medium,Medium
A101,S900,SENS01,14,-8.34,20.79,-6.94,37.42,1.14,Breaststroke,Low,Bad
A101,S900,SENS01,15,3.61,19.44,4.96,34.95,1.077,Breaststroke,Low,Bad
A101,S900,SENS01,16,-3.55,16.0,2.15,33.51,1.084,Breaststroke,Low,Good
A101,S900,SENS01,17,1.19,17.66,0.63,35.61,1.014,Breaststroke,Medium,Good
A101,S900,SENS01,18,-5.64,19.27,-8.59,32.3,1.118,Breaststroke,Low,Bad
A101,S900,SENS01,19,-5.76,18.96,-2.64,33.63,1.063,Breaststroke,Low,Medium
A101,S900,SENS01,20,4.42,13.71,-0.64,36.78,1.114,Breaststroke,Low,Good
A101,S900,SENS01,21,-1.76,17.43,1.51,38.08,1.104,Breaststroke,Low,Good
A101,S900,SENS01,22,5.84,18.05,3.0,33.65,1.122,Breaststroke,Low,Medium
A101,S900,SENS01,23,-9.79,16.27,0.29,34.11,1.074,Breaststroke,Low,Medium
A101,S900,SENS01,24,2.32,23.29,1.6,36.34,1.086,Breaststroke,Low,Bad
A101,S900,SENS01,25,4.06,10.14,1.79,37.25,1.082,Breaststroke,Low,Medium
A101,S900,SENS01,26,0.02,11.19,-3.36,36.11,1.075,Breaststroke,Low,Medium
A101,S900,SENS01,27,6.52,17.47,3.95,35.19,0.973,Breaststroke,Medium,Bad
A101,S900,SENS01,28,0.71,17.95,0.09,36.11,1.118,Breaststroke,Low,Good
A101,S900,SENS01,29,-1.56,14.86,1.7,35.19,1.123,Breaststroke,Low,Good
A101,S900,SENS01,30,-2.74,18.17,0.13,37.69,1.097,Breaststroke,Low,Good
A101,S900,SENS01,31,-13.11,9.45,2.69,32.01,1.059,Breaststroke,Low,Bad
A101,S900,SENS01,32,-0.1,14.14,3.7,34.88,1.063,Breaststroke,Low,Good
A101,S900,SENS01,33,-0.81,16.63,0.18,32.91,1.046,Breaststroke,Low,Good
A101,S900,SENS01,34,-0.68,15.8,5.53,34.96,1.107,Breaststroke,Medium,Good
A101,S900,SENS01,35,-0.11,17.2,-0.34,34.82,1.152,Breaststroke,Low,Good
A101,S900,SENS01,36,-5.35,14.88,3.28,39.2,1.164,Breaststroke,Low,Medium
A101,S900,SENS01,37,0.26,17.55,-7.55,36.23,1.037,Breaststroke,Low,Medium
A101,S900,SENS01,38,-5.75,15.63,-3.59,31.55,1.19,Breaststroke,Low,Medium
A101,S900,SENS01,39,-3.02,18.08,-0.1,34.33,1.081,Breaststroke,Low,Good
A101,S900,SENS01,40,1.58,12.15,1.33,36.06,1.044,Breaststroke,Low,Good
A101,S900,SENS01,41,0.06,14.89,-5.11,34.82,1.078,Breaststroke,Medium,Good
A101,S900,SENS01,42,1.42,11.19,-0.78,34.07,1.149,Breaststroke,Medium,Good
A101,S900,SENS01,43,-2.69,18.79,0.94,34.16,1.085,Breaststroke,Low,Medium
A101,S900,SENS01,44,1.1,15.71,-1.04,34.38,1.122,Breaststroke,Low,Good
A101,S900,SENS01,45,-1.76,11.81,4.46,38.29,1.019,Breaststroke,Low,Medium
A101,S900,SENS01,46,-0.87,15.99,-1.53,33.44,1.113,Breaststroke,Low,Good
A101,S900,SENS01,47,1.46,21.9,-5.16,32.55,1.062,Breaststroke,Low,Bad
A101,S900,SENS01,48,1.05,14.27,-2.01,33.6,1.169,Breaststroke,Low,Good
A101,S900,SENS01,49,4.69,15.92,-2.52,37.16,1.118,Breaststroke,Low,Medium
A101,S900,SENS01,50,-3.06,15.3,-2.85,30.55,1.136,Breaststroke,Low,Good
A101,S900,SENS01,51,4.69,14.72,4.43,33.74,1.093,Breaststroke,Low,Medium
A101,S900,SENS01,52,-2.82,20.19,0.92,37.19,1.082,Breaststroke,Low,Medium
A101,S900,SENS01,53,-2.95,19.16,0.04,33.52,1.067,Breaststroke,Low,Medium
A101,S900,SENS01,54,0.12,21.31,6.27,33.75,1.08,Breaststroke,Low,Bad
A101,S900,SENS01,55,3.88,11.91,-3.14,31.37,1.059,Breaststroke,Low,Medium
A101,S900,SENS01,56,5.47,17.67,3.35,36.03,1.097,Breaststroke,Medium,Medium
A101,S900,SENS01,57,1.0,15.6,3.47,35.0,1.034,Breaststroke,Low,Good
A101,S900,SENS01,58,0.29,16.84,5.96,35.44,1.023,Breaststroke,Low,Medium
A101,S900,SENS01,59,-1.02,10.87,0.89,36.1,1.107,Breaststroke,Low,Good
A101,S900,SENS01,60,2.88,14.5,3.06,32.62,1.073,Breaststroke,Low,Good
A101,S900,SENS01,61,4.05,11.16,0.89,35.09,1.047,Breaststroke,Low,Medium
A101,S900,SENS01,62,1.66,17.85,2.09,31.06,1.125,Breaststroke,Low,Good
A101,S900,SENS01,63,1.68,14.05,-1.58,39.31,1.131,Breaststroke,Low,Good
A101,S900,SENS01,64,-1.81,16.18,1.7,34.74,1.08,Breaststroke,Low,Good
A101,S900,SENS01,65,-3.73,13.21,1.32,33.89,1.117,Breaststroke,Low,Good
A101,S900,SENS01,66,-10.38,16.43,-6.38,32.78,1.05,Breaststroke,Low,Bad
A101,S900,SENS01,67,2.43,13.8,1.2,32.55,1.147,Breaststroke,Low,Good
A101,S900,SENS01,68,-5.85,20.55,6.8,35.71,1.117,Breaststroke,Low,Bad
A101,S900,SENS01,69,1.82,17.66,-3.83,34.3,1.134,Breaststroke,Low,Medium
A101,S900,SENS01,70,5.2,16.66,-0.8,36.09,1.113,Breaststroke,Medium,Medium
A101,S900,SENS01,71,2.32,17.78,0.48,36.03,1.1,Breaststroke,Low,Good
A101,S900,SENS01,72,0.41,15.35,1.03,37.98,1.173,Breaststroke,Low,Good
A101,S900,SENS01,73,-0.34,11.32,-3.05,34.05,1.112,Breaststroke,Low,Medium
A101,S900,SENS01,74,-2.32,18.19,0.07,35.05,1.016,Breaststroke,Low,Good
A101,S900,SENS01,75,0.45,16.88,1.53,32.52,1.127,Breaststroke,Low,Good
A101,S900,SENS01,76,-1.11,14.84,1.41,34.18,1.009,Breaststroke,Low,Good
A101,S900,SENS01,77,-2.62,20.11,-1.54,36.05,1.079,Breaststroke,Medium,Medium
A101,S900,SENS01,78,-10.49,21.35,2.74,34.69,1.169,Breaststroke,Low,Bad
A101,S900,SENS01,79,-2.36,13.18,-1.94,32.86,1.093,Breaststroke,Low,Good
A101,S900,SENS01,80,9.35,12.65,0.32,32.32,1.121,Breaststroke,Low,Medium
A101,S900,SENS01,81,-4.8,15.23,-3.48,35.73,1.118,Breaststroke,Low,Medium
A101,S900,SENS01,82,5.0,16.71,1.19,36.74,1.092,Breaststroke,Medium,Medium
A101,S900,SENS01,83,-2.55,16.98,-1.22,38.27,1.137,Breaststroke,Low,Good
A101,S900,SENS01,84,-2.63,14.13,-0.88,35.4,1.058,Breaststroke,Medium,Good
A101,S900,SENS01,85,-4.54,19.86,-8.22,34.84,1.059,Breaststroke,Low,Bad
A101,S900,SENS01,86,-3.47,13.93,-3.82,38.18,1.1,Breaststroke,Low,Medium
A101,S900,SENS01,87,-0.37,14.82,2.19,36.66,1.186,Breaststroke,Low,Good
A101,S900,SENS01,88,-1.51,14.83,7.93,35.16,1.12,Breaststroke,Low,Medium
A101,S900,SENS01,89,8.16,14.49,-4.17,31.99,0.948,Breaststroke,Low,Bad
A101,S900,SENS01,90,0.92,15.99,3.35,33.18,1.098,Breaststroke,Low,Good
A101,S900,SENS01,91,-0.47,17.87,4.39,36.07,1.051,Breaststroke,Low,Medium
A101,S900,SENS01,92,-2.45,12.86,0.26,34.16,1.083,Breaststroke,Low,Good
A101,S900,SENS01,93,-2.11,16.58,4.23,35.88,1.224,Breaststroke,Medium,Medium
A101,S900,SENS01,94,4.49,21.04,1.21,34.02,1.074,Breaststroke,Low,Medium
A101,S900,SENS01,95,8.03,14.75,6.31,35.12,1.122,Breaststroke,Low,Bad
A101,S900,SENS01,96,1.27,19.19,-3.52,35.22,1.122,Breaststroke,Low,Medium
A101,S900,SENS01,97,-1.51,18.9,-2.75,33.08,1.032,Breaststroke,Medium,Medium
A101,S900,SENS01,98,6.93,12.88,-5.14,33.72,1.135,Breaststroke,Low,Bad
A101,S900,SENS01,99,-0.57,14.34,2.35,36.45,1.069,Breaststroke,Low,Good
A101,S900,SENS01,100,3.01,9.38,-2.23,35.54,1.147,Breaststroke,Low,Medium
A101,S900,SENS01,101,-2.3,19.37,-5.93,33.83,1.032,Breaststroke,Low,Bad
A101,S900,SENS01,102,2.14,12.58,3.37,33.88,1.069,Breaststroke,Medium,Medium
A101,S900,SENS01,103,-0.89,12.25,-3.28,38.89,1.087,Breaststroke,Low,Good
A101,S900,SENS01,104,-5.67,17.59,-0.82,30.78,1.074,Breaststroke,Medium,Medium
A101,S900,SENS01,105,1.8,9.78,2.32,33.79,1.08,Breaststroke,Low,Medium
A101,S900,SENS01,106,-1.96,17.63,-1.99,36.37,1.118,Breaststroke,Medium,Good
A101,S900,SENS01,107,0.96,13.82,-7.39,35.43,1.101,Breaststroke,Low,Medium
A101,S900,SENS01,108,3.03,15.71,0.35,33.5,1.124,Breaststroke,Low,Good
A101,S900,SENS01,109,1.62,16.4,-3.32,31.79,1.081,Breaststroke,Low,Good
A101,S900,SENS01,110,-8.39,15.07,1.13,33.42,1.082,Breaststroke,Low,Medium
A101,S900,SENS01,111,-4.35,15.06,-1.03,34.28,1.094,Breaststroke,Medium,Good
A101,S900,SENS01,112,2.59,16.52,6.52,39.46,1.082,Breaststroke,Low,Medium
A101,S900,SENS01,113,-5.23,12.76,1.31,32.1,1.055,Breaststroke,Low,Medium
A101,S900,SENS01,114,-1.12,17.58,3.96,34.56,1.114,Breaststroke,Low,Medium
A101,S900,SENS01,115,-1.16,11.88,-0.7,37.55,1.15,Breaststroke,Low,Good
A101,S900,SENS01,116,0.21,12.33,4.0,36.56,1.038,Breaststroke,Low,Medium
A101,S900,SENS01,117,1.96,13.73,-2.46,36.05,1.074,Breaststroke,Low,Good
A101,S900,SENS01,118,1.18,9.03,3.52,35.6,1.094,Breaststroke,Low,Medium
A101,S900,SENS01,119,1.1,12.15,-1.98,35.45,1.118,Breaststroke,Low,Good
A101,S900,SENS01,120,1.38,11.24,9.56,36.34,1.112,Breaststroke,Low,Bad
A101,S900,SENS01,121,5.2,13.04,-1.11,34.51,1.083,Breaststroke,Low,Medium
A101,S900,SENS01,122,-1.91,13.74,-7.13,39.04,1.133,Breaststroke,Low,Medium
A101,S900,SENS01,123,-0.05,14.4,-2.59,35.76,1.139,Breaststroke,Low,Good
A101,S900,SENS01,124,-3.04,14.79,-0.58,35.39,1.1,Breaststroke,Low,Good
A101,S900,SENS01,125,-0.09,16.25,-4.52,35.42,1.141,Breaststroke,Low,Good
A101,S900,SENS01,126,2.39,10.17,-1.62,35.77,0.999,Breaststroke,Low,Medium
A101,S900,SENS01,127,-5.18,21.37,-4.11,34.54,1.152,Breaststroke,Low,Bad
A101,S900,SENS01,128,0.76,17.46,-2.69,37.36,1.024,Breaststroke,Low,Good
A101,S900,SENS01,129,3.27,19.19,2.48,36.28,1.138,Breaststroke,Low,Medium
A101,S900,SENS01,130,-0.47,11.87,9.22,36.48,1.086,Breaststroke,Low,Medium
A101,S900,SENS01,131,6.71,11.83,-10.14,36.59,1.013,Breaststroke,Medium,Bad
A101,S900,SENS01,132,2.46,24.38,2.62,39.19,1.152,Breaststroke,Low,Bad
A101,S900,SENS01,133,1.33,12.14,2.17,31.87,1.031,Breaststroke,Medium,Good
A101,S900,SENS01,134,-0.01,12.72,-1.95,35.44,1.099,Breaststroke,Low,Good
A101,S900,SENS01,135,6.02,16.01,-3.27,34.75,1.155,Breaststroke,Low,Medium
A101,S900,SENS01,136,1.22,19.32,1.14,39.21,1.067,Breaststroke,Low,Medium
A101,S900,SENS01,137,1.11,13.73,7.46,34.12,1.162,Breaststroke,Low,Medium
A101,S900,SENS01,138,-1.16,13.24,0.5,33.69,1.147,Breaststroke,Low,Good
A101,S900,SENS01,139,-0.14,13.44,-5.7,35.39,1.134,Breaststroke,Low,Good
A101,S900,SENS01,140,2.87,16.85,-4.36,31.98,1.157,Breaststroke,Medium,Medium
A101,S900,SENS01,141,3.33,16.14,-5.77,33.36,1.153,Breaststroke,Low,Medium
A101,S900,SENS01,142,-0.19,12.75,-2.54,33.64,1.025,Breaststroke,Medium,Good
A101,S900,SENS01,143,0.24,15.1,-1.33,33.92,1.08,Breaststroke,Low,Good
A101,S900,SENS01,144,0.84,16.44,0.55,33.42,1.081,Breaststroke,Medium,Good
A101,S900,SENS01,145,4.52,19.89,-4.07,37.28,1.009,Breaststroke,Low,Bad
A101,S900,SENS01,146,0.28,13.58,1.01,32.78,1.096,Breaststroke,Low,Good
A101,S900,SENS01,147,0.75,12.46,-5.78,37.29,1.121,Breaststroke,Low,Medium
A101,S900,SENS01,148,1.08,9.45,-3.0,34.46,1.132,Breaststroke,Low,Medium
A101,S900,SENS01,149,9.11,18.31,1.86,33.75,1.03,Breaststroke,Medium,Bad
A101,S900,SENS01,150,-1.27,17.77,-3.57,38.87,1.146,Breaststroke,Medium,Medium
A101,S900,SENS01,151,-3.77,19.14,-7.04,33.54,1.076,Breaststroke,Low,Bad
A101,S900,SENS01,152,0.62,16.24,4.84,34.65,1.147,Breaststroke,Low,Good
A101,S900,SENS01,153,1.41,17.07,-3.52,37.85,1.06,Breaststroke,Low,Good
A101,S900,SENS01,154,-4.18,16.18,-1.38,37.63,1.18,Breaststroke,Low,Good
A101,S900,SENS01,155,2.77,12.36,-0.89,35.17,1.165,Breaststroke,Medium,Good
A101,S900,SENS01,156,-4.4,19.69,2.25,33.53,1.071,Breaststroke,Low,Medium
A101,S900,SENS01,157,4.06,15.23,7.62,34.02,1.154,Breaststroke,Medium,Medium
A101,S900,SENS01,158,-1.98,12.09,1.19,35.0,1.151,Breaststroke,Low,Good
A101,S900,SENS01,159,-1.35,14.06,-0.3,38.33,1.073,Breaststroke,Low,Good
A101,S900,SENS01,160,5.65,18.97,-8.58,37.05,1.141,Breaststroke,Low,Bad
A101,S900,SENS01,161,4.77,15.56,1.23,34.07,1.064,Breaststroke,Low,Good
A101,S900,SENS01,162,1.25,16.23,3.85,37.43,1.035,Breaststroke,Low,Good
A101,S900,SENS01,163,3.9,15.83,0.37,33.3,1.11,Breaststroke,Low,Good
A101,S900,SENS01,164,-6.42,19.46,3.63,30.15,1.117,Breaststroke,Low,Bad
A101,S900,SENS01,165,3.0,15.65,-2.63,32.87,1.125,Breaststroke,Low,Good
A101,S900,SENS01,166,-3.29,14.5,2.88,37.59,1.074,Breaststroke,Low,Good
A101,S900,SENS01,167,0.04,15.64,2.65,31.2,1.145,Breaststroke,Low,Good
A101,S900,SENS01,168,1.09,15.92,-1.56,35.85,1.11,Breaststroke,Low,Good
A101,S900,SENS01,169,2.39,17.74,1.82,34.99,1.099,Breaststroke,Low,Good
A101,S900,SENS01,170,2.82,7.16,-0.1,34.64,1.097,Breaststroke,Medium,Medium
A101,S900,SENS01,171,-8.03,16.98,2.03,37.4,1.188,Breaststroke,Low,Medium
A101,S900,SENS01,172,3.05,20.51,-2.24,34.63,1.051,Breaststroke,Medium,Medium
A101,S900,SENS01,173,1.0,8.35,-2.07,36.74,1.002,Breaststroke,Low,Medium
A101,S900,SENS01,174,3.1,15.54,-3.66,35.79,1.091,Breaststroke,Medium,Good
A101,S900,SENS01,175,-3.3,15.18,-2.45,39.49,1.043,Breaststroke,Medium,Good
A101,S900,SENS01,176,5.61,10.56,-2.18,34.22,1.087,Breaststroke,Low,Medium
A101,S900,SENS01,177,0.76,16.65,2.3,30.89,1.059,Breaststroke,Low,Good
A101,S900,SENS01,178,7.19,12.95,-3.24,33.75,1.104,Breaststroke,Medium,Medium
A101,S900,SENS01,179,2.93,13.86,1.63,36.27,1.057,Breaststroke,Low,Good
A101,S900,SENS01,180,4.8,13.75,0.99,35.82,1.158,Breaststroke,Low,Good
A101,S900,SENS01,181,2.82,12.3,-3.38,36.13,1.117,Breaststroke,Low,Medium
A101,S900,SENS01,182,-3.94,16.33,-0.69,36.91,1.096,Breaststroke,Low,Good
A101,S900,SENS01,183,-1.8,12.01,5.93,33.4,1.154,Breaststroke,Low,Medium
A101,S900,SENS01,184,-9.34,15.83,-6.85,39.38,1.134,Breaststroke,Medium,Bad
A101,S900,SENS01,185,-5.34,12.31,0.97,33.34,1.115,Breaststroke,Low,Medium
A101,S900,SENS01,186,-3.59,16.11,-0.71,34.2,1.138,Breaststroke,Low,Good
A101,S900,SENS01,187,4.08,10.82,-4.46,33.7,1.085,Breaststroke,Low,Bad
A101,S900,SENS01,188,5.01,17.01,-6.16,37.38,1.084,Breaststroke,Low,Medium
A101,S900,SENS01,189,-2.85,16.3,-3.21,38.85,1.064,Breaststroke,Low,Medium
A101,S900,SENS01,190,-2.54,14.18,1.75,34.16,1.102,Breaststroke,Low,Good
A101,S900,SENS01,191,-2.15,16.36,6.4,38.76,1.077,Breaststroke,Low,Medium
A101,S900,SENS01,192,6.93,12.19,-1.53,36.66,1.062,Breaststroke,Low,Medium
A101,S900,SENS01,193,-3.51,12.93,4.97,30.46,1.073,Breaststroke,Low,Medium
A101,S900,SENS01,194,0.78,12.59,-1.46,35.31,1.088,Breaststroke,Low,Good
A101,S900,SENS01,195,-3.5,23.24,4.43,35.76,1.208,Breaststroke,Low,Bad
A101,S900,SENS01,196,2.77,15.73,6.1,35.61,1.094,Breaststroke,Medium,Medium
A101,S900,SENS01,197,0.69,15.91,8.29,36.11,1.236,Breaststroke,Low,Medium
A101,S900,SENS01,198,-0.39,16.47,-2.06,37.06,1.085,Breaststroke,Low,Good
A101,S900,SENS01,199,0.79,13.03,1.04,34.29,1.093,Breaststroke,Low,Good
A101,S900,SENS01,200,1.2,16.54,-2.17,35.16,1.076,Breaststroke,Low,Good
A101,S900,SENS01,201,-3.71,12.67,4.92,35.93,1.096,Breaststroke,Low,Medium
A101,S900,SENS01,202,-10.28,15.43,-1.18,34.34,1.155,Breaststroke,Low,Medium
A101,S900,SENS01,203,4.87,16.98,1.16,35.61,1.04,Breaststroke,Low,Medium
A101,S900,SENS01,204,8.59,12.27,-4.75,38.23,1.098,Breaststroke,Low,Bad
A101,S900,SENS01,205,4.21,16.36,-0.5,34.49,1.152,Breaststroke,Low,Good
A101,S900,SENS01,206,-2.01,14.12,-2.01,33.74,1.105,Breaststroke,Low,Good
A101,S900,SENS01,207,-1.16,18.0,7.96,33.98,1.176,Breaststroke,Low,Medium
A101,S900,SENS01,208,1.71,14.81,-1.23,37.02,1.117,Breaststroke,Low,Good
A101,S900,SENS01,209,-2.59,7.46,9.3,35.29,1.074,Breaststroke,Low,Bad
A101,S900,SENS01,210,4.66,13.66,2.39,35.38,0.993,Breaststroke,Low,Medium
A101,S900,SENS01,211,7.4,13.24,5.48,33.88,1.134,Breaststroke,Medium,Bad
A101,S900,SENS01,212,-2.44,14.52,-2.59,34.54,1.079,Breaststroke,Low,Good
A101,S900,SENS01,213,-7.54,21.81,2.47,37.43,1.037,Breaststroke,Low,Bad
A101,S900,SENS01,214,1.25,20.46,-5.02,38.12,1.148,Breaststroke,Medium,Medium
A101,S900,SENS01,215,1.7,13.68,4.08,40.98,1.013,Breaststroke,Low,Medium
A101,S900,SENS01,216,1.3,16.02,-4.56,34.28,1.069,Breaststroke,Low,Good
A101,S900,SENS01,217,-6.26,19.75,3.4,34.24,1.105,Breaststroke,Low,Bad
A101,S900,SENS01,218,-2.28,15.18,-1.96,34.29,1.078,Breaststroke,Medium,Good
A101,S900,SENS01,219,-3.97,13.37,2.46,37.46,1.205,Breaststroke,Medium,Medium
A101,S900,SENS01,220,0.85,13.9,-3.9,32.32,1.023,Breaststroke,Low,Good
A101,S900,SENS01,221,-2.16,15.3,-1.28,36.69,1.2,Breaststroke,Low,Good
A101,S900,SENS01,222,-0.23,20.57,0.11,34.64,1.131,Breaststroke,Medium,Good
A101,S900,SENS01,223,-3.81,13.08,-2.1,40.16,1.117,Breaststroke,Low,Medium
A101,S900,SENS01,224,-3.89,15.48,3.06,31.53,1.085,Breaststroke,Medium,Good
A101,S900,SENS01,225,2.31,12.35,-4.04,39.8,1.134,Breaststroke,Low,Medium
A101,S900,SENS01,226,-0.76,17.48,9.88,35.62,1.071,Breaststroke,Low,Bad
A101,S900,SENS01,227,-3.29,14.84,0.1,34.58,1.106,Breaststroke,Low,Good
A101,S900,SENS01,228,-0.23,12.05,-0.14,35.76,1.124,Breaststroke,Low,Good
A101,S900,SENS01,229,-0.65,11.46,0.61,36.02,1.053,Breaststroke,Low,Good
A101,S900,SENS01,230,5.0,12.23,-0.52,37.61,1.13,Breaststroke,Medium,Medium
A101,S900,SENS01,231,-1.02,14.94,-2.85,37.27,1.185,Breaststroke,Low,Good
A101,S900,SENS01,232,-0.48,16.03,7.24,36.22,1.081,Breaststroke,Low,Medium
A101,S900,SENS01,233,7.4,14.31,-4.24,38.65,1.11,Breaststroke,Low,Medium
A101,S900,SENS01,234,0.21,16.5,-3.24,34.2,1.126,Breaststroke,Low,Good
A101,S900,SENS01,235,2.8,14.5,-2.64,34.93,1.097,Breaststroke,Medium,Good
A101,S900,SENS01,236,-6.17,17.33,4.02,36.03,1.139,Breaststroke,Low,Medium
A101,S900,SENS01,237,2.65,21.31,-1.0,35.24,1.176,Breaststroke,Low,Medium
A101,S900,SENS01,238,1.28,13.5,-2.64,35.15,1.119,Breaststroke,Low,Good
A101,S900,SENS01,239,-7.91,16.38,2.92,32.37,1.062,Breaststroke,Low,Medium
A101,S900,SENS01,240,-0.31,12.01,-1.74,33.34,1.142,Breaststroke,Low,Good
A101,S900,SENS01,241,-2.53,15.62,-6.89,34.29,1.093,Breaststroke,Low,Medium
A101,S900,SENS01,242,-6.75,12.43,-3.2,37.77,1.074,Breaststroke,Low,Medium
A101,S900,SENS01,243,3.66,14.61,0.09,32.15,1.114,Breaststroke,Low,Good
A101,S900,SENS01,244,6.04,13.5,-3.65,34.75,1.104,Breaststroke,Low,Medium
A101,S900,SENS01,245,-6.36,13.04,1.83,37.27,1.185,Breaststroke,Medium,Medium
A101,S900,SENS01,246,-10.29,14.86,5.44,35.04,1.089,Breaststroke,Low,Bad
A101,S900,SENS01,247,3.82,18.97,0.06,33.37,1.108,Breaststroke,Low,Medium
A101,S900,SENS01,248,-5.82,11.93,-1.91,35.4,1.047,Breaststroke,Low,Medium
A101,S900,SENS01,249,4.5,19.65,3.31,33.65,1.204,Breaststroke,Low,Bad
A101,S900,SENS01,250,-3.9,18.75,3.91,33.89,1.092,Breaststroke,Low,Medium
A101,S900,SENS01,251,2.18,11.36,1.04,31.2,1.147,Breaststroke,Low,Medium
A101,S900,SENS01,252,0.84,13.41,-1.18,34.65,1.132,Breaststroke,Low,Good
A101,S900,SENS01,253,-1.06,14.1,3.32,37.77,1.17,Breaststroke,Low,Good
A101,S900,SENS01,254,5.04,11.22,4.72,37.47,1.1,Breaststroke,Low,Bad
A101,S900,SENS01,255,-4.7,16.57,3.03,36.77,1.137,Breaststroke,Low,Medium
A101,S900,SENS01,256,3.12,16.03,5.1,37.61,1.191,Breaststroke,Low,Medium
A101,S900,SENS01,257,-3.29,8.41,4.61,38.77,1.138,Breaststroke,Low,Bad
A101,S900,SENS01,258,-3.95,14.45,-1.52,35.55,1.093,Breaststroke,Low,Good
A101,S900,SENS01,259,-2.16,13.45,3.23,34.89,1.031,Breaststroke,Low,Good
A101,S900,SENS01,260,3.09,21.81,-3.9,35.95,1.069,Breaststroke,Medium,Bad
A101,S900,SENS01,261,3.53,17.66,-0.77,34.46,1.073,Breaststroke,Medium,Medium
A101,S900,SENS01,262,-11.02,11.55,-4.94,33.82,1.034,Breaststroke,Low,Bad
A101,S900,SENS01,263,2.87,15.87,-1.36,36.23,1.109,Breaststroke,Medium,Good
A101,S900,SENS01,264,-5.16,18.88,-5.17,37.65,1.18,Breaststroke,Low,Bad
A101,S900,SENS01,265,5.36,17.93,-3.93,33.16,1.05,Breaststroke,Low,Medium
A101,S900,SENS01,266,-0.7,14.1,1.8,34.23,1.118,Breaststroke,Low,Good
A101,S900,SENS01,267,4.76,12.75,-0.05,33.04,1.114,Breaststroke,Low,Good
A101,S900,SENS01,268,3.35,22.69,-5.23,36.56,1.068,Breaststroke,Low,Bad
A101,S900,SENS01,269,4.47,15.82,5.47,35.2,1.133,Breaststroke,Low,Medium
A101,S900,SENS01,270,1.95,16.75,-7.02,36.29,1.178,Breaststroke,Low,Medium
A101,S900,SENS01,271,-0.43,14.91,-3.17,36.88,1.068,Breaststroke,Low,Good
A101,S900,SENS01,272,-0.13,13.23,2.72,34.26,1.033,Breaststroke,Low,Good
A101,S900,SENS01,273,-2.75,15.69,1.96,36.89,1.126,Breaststroke,Low,Good
A101,S900,SENS01,274,0.69,12.28,3.5,34.07,1.095,Breaststroke,Low,Good
A101,S900,SENS01,275,1.02,15.25,0.16,35.89,1.111,Breaststroke,Low,Good
A101,S900,SENS01,276,4.97,15.74,-0.12,33.4,1.07,Breaststroke,Low,Good
A101,S900,SENS01,277,-1.39,10.17,-1.77,33.91,1.107,Breaststroke,Low,Medium
A101,S900,SENS01,278,-0.86,15.32,1.55,35.0,1.117,Breaststroke,Medium,Good
A101,S900,SENS01,279,-2.13,14.09,-1.32,39.73,1.12,Breaststroke,Low,Good
A101,S900,SENS01,280,1.05,13.92,5.6,34.88,1.062,Breaststroke,Medium,Medium
A101,S900,SENS01,281,1.49,21.48,1.79,34.45,1.036,Breaststroke,Low,Medium
A101,S900,SENS01,282,3.28,14.06,1.12,34.14,1.09,Breaststroke,Low,Good
A101,S900,SENS01,283,3.4,13.4,2.82,36.9,1.049,Breaststroke,Low,Medium
A101,S900,SENS01,284,1.79,18.07,-1.88,34.35,1.096,Breaststroke,Medium,Good
A101,S900,SENS01,285,-0.27,12.57,-1.14,30.78,1.065,Breaststroke,Low,Good
A101,S900,SENS01,286,-2.84,13.56,-4.0,35.9,1.098,Breaststroke,Medium,Medium
A101,S900,SENS01,287,0.88,13.96,-4.17,34.58,1.063,Breaststroke,Medium,Good
A101,S900,SENS01,288,-7.64,18.31,-1.09,34.54,1.061,Breaststroke,Low,Medium
A101,S900,SENS01,289,1.8,16.22,-3.83,36.59,1.142,Breaststroke,Low,Good
A101,S900,SENS01,290,0.3,22.07,-0.31,35.65,1.088,Breaststroke,Low,Medium
A101,S900,SENS01,291,-4.22,14.41,-4.57,30.29,1.048,Breaststroke,Low,Medium
A101,S900,SENS01,292,0.33,20.46,-2.23,32.97,1.14,Breaststroke,Low,Medium
A101,S900,SENS01,293,0.73,14.02,-3.85,33.7,1.162,Breaststroke,Medium,Good
A101,S900,SENS01,294,3.5,11.51,0.5,36.01,1.133,Breaststroke,Low,Medium
A101,S900,SENS01,295,-0.21,21.09,-0.68,35.56,1.133,Breaststroke,Low,Medium
A101,S900,SENS01,296,1.66,15.53,-2.12,34.87,1.153,Breaststroke,Low,Good
A101,S900,SENS01,297,-7.0,18.64,7.07,35.62,1.103,Breaststroke,Medium,Bad
A101,S900,SENS01,298,0.24,17.84,0.85,33.94,1.045,Breaststroke,Low,Good
A101,S900,SENS01,299,5.97,15.85,-1.41,37.45,1.161,Breaststroke,Low,Medium
A101,S900,SENS01,300,8.93,9.72,4.68,32.82,1.199,Breaststroke,Low,Bad
A101,S900,SENS01,301,-1.22,20.58,3.43,38.65,1.101,Breaststroke,High,Bad
A101,S900,SENS01,302,0.02,12.33,3.09,33.9,1.034,Breaststroke,Low,Good
A101,S900,SENS01,303,0.3,11.49,-7.95,35.98,1.025,Breaststroke,Medium,Medium
A101,S900,SENS01,304,-0.55,17.7,-6.49,37.19,1.121,Breaststroke,Medium,Medium
A101,S900,SENS01,305,-6.84,13.99,-2.39,34.93,1.011,Breaststroke,High,Medium
A101,S900,SENS01,306,0.3,15.8,0.27,30.24,1.038,Breaststroke,High,Good
A101,S900,SENS01,307,-0.32,15.61,1.63,36.89,1.096,Breaststroke,High,Good
A101,S900,SENS01,308,3.19,14.7,-0.32,38.73,1.065,Breaststroke,Medium,Good
A101,S900,SENS01,309,2.42,14.82,1.95,31.91,1.07,Breaststroke,High,Good
A101,S900,SENS01,310,0.75,11.48,-3.8,35.11,1.141,Breaststroke,Low,Medium
A101,S900,SENS01,311,3.11,16.99,-3.07,39.69,1.194,Breaststroke,High,Medium
A101,S900,SENS01,312,-0.96,13.63,-9.15,31.93,1.052,Breaststroke,Medium,Medium
A101,S900,SENS01,313,-4.92,14.43,-3.07,32.4,1.082,Breaststroke,Low,Medium
A101,S900,SENS01,314,2.76,11.78,1.91,35.47,1.086,Breaststroke,Medium,Medium
A101,S900,SENS01,315,0.78,12.11,3.7,33.54,1.053,Breaststroke,Low,Medium
A101,S900,SENS01,316,0.43,19.03,-4.62,35.71,1.077,Breaststroke,Medium,Medium
A101,S900,SENS01,317,0.11,21.44,4.87,34.44,1.057,Breaststroke,Medium,Medium
A101,S900,SENS01,318,5.98,11.6,-4.13,36.42,1.058,Breaststroke,Medium,Bad
A101,S900,SENS01,319,1.63,14.55,-1.79,33.34,0.981,Breaststroke,High,Good
A101,S900,SENS01,320,0.4,15.6,4.01,37.36,1.142,Breaststroke,High,Good
A101,S900,SENS01,321,1.51,12.12,6.38,35.79,1.11,Breaststroke,Low,Medium
A101,S900,SENS01,322,-0.49,16.53,-3.58,39.89,1.044,Breaststroke,High,Medium
A101,S900,SENS01,323,-1.88,17.77,-3.73,34.39,1.111,Breaststroke,High,Medium
A101,S900,SENS01,324,1.11,17.0,8.62,39.12,1.081,Breaststroke,High,Bad
A101,S900,SENS01,325,3.31,10.02,-4.09,31.43,0.997,Breaststroke,Medium,Bad
A101,S900,SENS01,326,-2.23,10.62,-3.49,34.44,1.06,Breaststroke,Medium,Medium
A101,S900,SENS01,327,1.74,20.04,-9.04,36.11,0.988,Breaststroke,Medium,Bad
A101,S900,SENS01,328,-2.07,13.81,2.38,30.94,1.057,Breaststroke,High,Medium
A101,S900,SENS01,329,-3.15,16.91,-3.11,34.31,1.051,Breaststroke,Medium,Medium
A101,S900,SENS01,330,-3.79,13.82,1.15,34.04,1.124,Breaststroke,Medium,Good
A101,S900,SENS01,331,5.51,16.14,-4.1,32.16,1.054,Breaststroke,Medium,Medium
A101,S900,SENS01,332,-4.06,18.7,1.76,34.67,1.113,Breaststroke,Medium,Medium
A101,S900,SENS01,333,2.37,13.51,5.2,37.35,1.095,Breaststroke,Low,Medium
A101,S900,SENS01,334,0.62,12.13,-3.83,36.16,1.067,Breaststroke,Medium,Medium
A101,S900,SENS01,335,0.7,17.71,3.34,36.99,1.044,Breaststroke,Medium,Medium
A101,S900,SENS01,336,6.36,20.72,-0.88,30.7,1.082,Breaststroke,Medium,Bad
A101,S900,SENS01,337,0.61,14.08,-2.42,37.97,1.119,Breaststroke,High,Good
A101,S900,SENS01,338,2.69,15.09,9.63,30.92,0.996,Breaststroke,Low,Medium
A101,S900,SENS01,339,4.62,15.2,-0.5,32.23,1.068,Breaststroke,High,Good
A101,S900,SENS01,340,4.73,20.45,-0.71,36.53,1.055,Breaststroke,Medium,Medium
A101,S900,SENS01,341,4.79,9.02,4.62,36.22,1.083,Breaststroke,Medium,Bad
A101,S900,SENS01,342,8.36,22.97,3.15,33.82,1.022,Breaststroke,Medium,Bad
A101,S900,SENS01,343,5.26,15.36,-0.54,39.15,1.155,Breaststroke,Medium,Medium
A101,S900,SENS01,344,-2.87,14.34,-7.42,37.9,1.118,Breaststroke,High,Medium
A101,S900,SENS01,345,-3.5,16.9,-6.44,34.8,1.092,Breaststroke,Medium,Medium
A101,S900,SENS01,346,-7.03,16.82,-2.22,34.35,1.062,Breaststroke,High,Medium
A101,S900,SENS01,347,3.7,16.74,0.18,30.9,1.068,Breaststroke,Low,Good
A101,S900,SENS01,348,-0.24,10.53,-0.13,34.56,1.122,Breaststroke,Medium,Good
A101,S900,SENS01,349,-1.64,13.13,2.73,33.95,1.042,Breaststroke,Low,Good
A101,S900,SENS01,350,-0.77,12.3,0.54,35.96,1.03,Breaststroke,Medium,Good
A101,S900,SENS01,351,1.89,8.85,0.05,36.21,0.997,Breaststroke,Low,Medium
A101,S900,SENS01,352,1.89,13.87,-5.64,36.15,1.056,Breaststroke,Medium,Medium
A101,S900,SENS01,353,-2.36,15.37,-4.01,33.34,1.046,Breaststroke,Medium,Good
A101,S900,SENS01,354,-3.46,20.17,-4.71,36.1,1.057,Breaststroke,Low,Bad
A101,S900,SENS01,355,2.57,15.84,-1.69,34.55,1.037,Breaststroke,Low,Good
A101,S900,SENS01,356,0.72,16.47,5.13,35.16,1.106,Breaststroke,Medium,Good
A101,S900,SENS01,357,-4.09,12.75,-5.06,35.62,1.144,Breaststroke,Medium,Medium
A101,S900,SENS01,358,-0.98,15.95,5.1,36.28,1.172,Breaststroke,High,Medium
A101,S900,SENS01,359,1.28,17.55,4.74,34.51,1.127,Breaststroke,Medium,Medium
A101,S900,SENS01,360,-2.62,16.65,-1.66,36.07,1.129,Breaststroke,Medium,Good
A101,S900,SENS01,361,-1.5,18.12,-0.13,36.13,1.081,Breaststroke,High,Good
A101,S900,SENS01,362,-5.98,13.76,-1.65,32.34,1.029,Breaststroke,Low,Medium
A101,S900,SENS01,363,-2.42,17.62,-1.19,34.74,1.091,Breaststroke,High,Medium
A101,S900,SENS01,364,3.9,15.74,-3.87,34.51,1.15,Breaststroke,Medium,Medium
A101,S900,SENS01,365,2.65,12.24,3.81,32.86,1.07,Breaststroke,High,Medium
A101,S900,SENS01,366,2.14,15.04,4.83,31.08,1.087,Breaststroke,High,Medium
A101,S900,SENS01,367,5.68,19.23,-3.9,35.86,1.076,Breaststroke,Low,Bad
A101,S900,SENS01,368,-3.86,16.59,3.24,30.68,1.077,Breaststroke,Medium,Medium
A101,S900,SENS01,369,-5.42,17.26,2.58,31.84,1.072,Breaststroke,Low,Medium
A101,S900,SENS01,370,-1.15,15.33,-1.93,33.01,1.054,Breaststroke,Medium,Good
A101,S900,SENS01,371,-0.49,12.35,-2.97,37.35,1.131,Breaststroke,Medium,Good
A101,S900,SENS01,372,-7.77,7.75,3.0,34.39,1.109,Breaststroke,Medium,Bad
A101,S900,SENS01,373,0.74,11.31,-1.68,35.16,1.059,Breaststroke,Low,Good
A101,S900,SENS01,374,4.97,13.85,-2.41,35.57,1.043,Breaststroke,Medium,Medium
A101,S900,SENS01,375,4.29,18.57,-0.32,34.26,1.08,Breaststroke,Medium,Medium
A101,S900,SENS01,376,3.67,16.08,-4.76,35.09,1.054,Breaststroke,Medium,Medium
A101,S900,SENS01,377,9.08,14.45,-6.33,38.67,1.089,Breaststroke,Medium,Bad
A101,S900,SENS01,378,-1.79,10.51,0.88,32.31,1.114,Breaststroke,Low,Medium
A101,S900,SENS01,379,6.17,11.14,5.26,31.26,1.037,Breaststroke,Medium,Bad
A101,S900,SENS01,380,-1.3,16.62,1.56,34.16,1.051,Breaststroke,Medium,Good
A101,S900,SENS01,381,1.17,13.57,0.3,34.71,1.07,Breaststroke,Medium,Good
A101,S900,SENS01,382,-0.23,19.12,9.14,32.88,1.04,Breaststroke,Low,Bad
A101,S900,SENS01,383,-1.46,16.43,-2.1,35.97,1.057,Breaststroke,Medium,Good
A101,S900,SENS01,384,-9.17,13.79,-4.61,35.1,1.145,Breaststroke,High,Bad
A101,S900,SENS01,385,-5.57,15.81,1.35,38.14,1.072,Breaststroke,Low,Medium
A101,S900,SENS01,386,2.7,10.98,-3.16,33.61,1.198,Breaststroke,Medium,Medium
A101,S900,SENS01,387,-0.63,12.18,-6.85,38.13,1.086,Breaststroke,High,Medium
A101,S900,SENS01,388,0.76,13.77,-1.11,36.86,0.994,Breaststroke,Medium,Good
A101,S900,SENS01,389,-0.67,20.72,2.04,34.61,1.055,Breaststroke,High,Medium
A101,S900,SENS01,390,2.6,13.23,4.46,32.42,1.056,Breaststroke,High,Medium
A101,S900,SENS01,391,1.03,19.23,6.63,34.41,1.141,Breaststroke,Low,Medium
A101,S900,SENS01,392,1.6,20.11,-5.54,37.45,1.053,Breaststroke,Medium,Bad
A101,S900,SENS01,393,1.08,17.41,1.22,34.69,1.06,Breaststroke,Medium,Good
A101,S900,SENS01,394,2.81,12.68,1.87,37.49,1.049,Breaststroke,Medium,Medium
A101,S900,SENS01,395,3.58,14.36,-3.34,33.47,1.03,Breaststroke,Medium,Medium
A101,S900,SENS01,396,4.07,16.73,1.53,33.41,0.899,Breaststroke,High,Medium
A101,S900,SENS01,397,-1.39,15.69,-4.99,36.63,0.911,Breaststroke,Medium,Medium
A101,S900,SENS01,398,7.32,16.41,-1.38,37.61,1.118,Breaststroke,Low,Medium
A101,S900,SENS01,399,0.82,16.76,-3.89,31.94,1.099,Breaststroke,Low,Good
A101,S900,SENS01,400,-2.51,19.42,-1.84,33.82,1.112,Breaststroke,Medium,Medium
A101,S900,SENS01,401,3.0,17.15,-4.71,36.53,1.076,Breaststroke,Medium,Medium
A101,S900,SENS01,402,2.52,19.5,-2.87,36.6,1.104,Breaststroke,Medium,Medium
A101,S900,SENS01,403,-1.11,13.85,1.21,33.15,1.141,Breaststroke,High,Good
A101,S900,SENS01,404,-3.27,22.97,-0.02,34.92,1.019,Breaststroke,Medium,Bad
A101,S900,SENS01,405,-1.9,14.17,4.31,36.65,1.029,Breaststroke,Medium,Good
A101,S900,SENS01,406,1.3,15.75,-1.87,35.77,1.163,Breaststroke,Low,Good
A101,S900,SENS01,407,-0.63,21.47,2.77,33.79,1.026,Breaststroke,Low,Medium
A101,S900,SENS01,408,-7.22,12.57,0.76,36.41,1.053,Breaststroke,Medium,Medium
A101,S900,SENS01,409,-3.77,15.16,-2.29,34.57,1.04,Breaststroke,High,Medium
A101,S900,SENS01,410,-5.5,20.17,-1.81,31.9,1.09,Breaststroke,High,Bad
A101,S900,SENS01,411,-7.67,16.59,-1.14,32.44,1.039,Breaststroke,Medium,Medium
A101,S900,SENS01,412,2.56,14.69,5.7,36.13,1.115,Breaststroke,Medium,Medium
A101,S900,SENS01,413,4.39,19.59,-1.33,36.24,1.133,Breaststroke,High,Medium
A101,S900,SENS01,414,-2.76,10.21,-1.65,36.79,1.128,Breaststroke,Medium,Medium
A101,S900,SENS01,415,-2.34,20.72,1.54,31.45,1.043,Breaststroke,Medium,Medium
A101,S900,SENS01,416,-4.65,13.11,1.06,35.26,1.038,Breaststroke,Medium,Medium
A101,S900,SENS01,417,0.36,15.69,-2.91,35.7,1.148,Breaststroke,Medium,Good
A101,S900,SENS01,418,-5.61,13.44,3.83,37.1,1.003,Breaststroke,Medium,Medium
A101,S900,SENS01,419,-0.48,19.5,10.98,34.55,1.102,Breaststroke,Medium,Bad
A101,S900,SENS01,420,6.57,14.09,-3.44,33.05,1.134,Breaststroke,Medium,Medium
A101,S900,SENS01,421,-0.8,15.21,-1.02,30.87,1.134,Breaststroke,Medium,Good
A101,S900,SENS01,422,7.86,10.9,6.04,33.19,1.113,Breaststroke,Medium,Bad
A101,S900,SENS01,423,-13.05,17.81,-0.72,34.91,1.048,Breaststroke,Medium,Bad
A101,S900,SENS01,424,8.78,15.46,4.46,36.02,1.125,Breaststroke,High,Bad
A101,S900,SENS01,425,6.04,17.39,3.05,35.94,1.02,Breaststroke,Medium,Medium
A101,S900,SENS01,426,-1.19,14.72,-4.3,35.66,1.058,Breaststroke,Low,Good
A101,S900,SENS01,427,-1.91,14.45,1.39,34.99,1.033,Breaststroke,Low,Good
A101,S900,SENS01,428,3.96,8.55,-0.48,37.47,1.085,Breaststroke,Medium,Medium
A101,S900,SENS01,429,7.82,17.02,-1.31,34.18,1.126,Breaststroke,High,Medium
A101,S900,SENS01,430,1.79,15.24,-2.52,37.02,1.025,Breaststroke,High,Good
A101,S900,SENS01,431,-2.98,9.44,-5.11,35.97,1.049,Breaststroke,Medium,Bad
A101,S900,SENS01,432,7.86,16.76,-1.12,33.73,1.175,Breaststroke,High,Medium
A101,S900,SENS01,433,2.57,16.53,3.14,33.47,1.106,Breaststroke,Medium,Good
A101,S900,SENS01,434,6.0,14.51,2.1,33.76,1.024,Breaststroke,Low,Medium
A101,S900,SENS01,435,-4.63,14.07,7.52,33.29,1.125,Breaststroke,High,Bad
A101,S900,SENS01,436,-3.88,15.5,-0.98,36.13,1.093,Breaststroke,High,Medium
A101,S900,SENS01,437,-4.55,14.37,3.71,34.28,1.132,Breaststroke,Low,Medium
A101,S900,SENS01,438,2.46,13.6,-1.53,34.72,1.114,Breaststroke,Medium,Good
A101,S900,SENS01,439,-1.86,16.32,4.79,32.91,1.043,Breaststroke,Medium,Medium
A101,S900,SENS01,440,-1.06,16.42,-0.64,36.28,0.984,Breaststroke,High,Good
A101,S900,SENS01,441,4.06,10.76,6.32,39.42,0.988,Breaststroke,Medium,Bad
A101,S900,SENS01,442,-2.75,13.9,3.18,36.46,1.11,Breaststroke,Medium,Good
A101,S900,SENS01,443,-5.56,15.82,4.24,33.24,1.105,Breaststroke,High,Medium
A101,S900,SENS01,444,2.57,21.64,-3.89,35.94,0.997,Breaststroke,Medium,Bad
A101,S900,SENS01,445,1.99,16.58,-0.06,33.37,1.183,Breaststroke,High,Good
A101,S900,SENS01,446,-6.13,11.75,1.9,37.45,1.023,Breaststroke,Medium,Medium
A101,S900,SENS01,447,0.3,19.22,6.98,35.37,1.129,Breaststroke,Medium,Medium
A101,S900,SENS01,448,4.39,11.09,-1.27,34.87,1.082,Breaststroke,Medium,Medium
A101,S900,SENS01,449,8.21,13.97,-5.85,35.09,1.124,Breaststroke,High,Bad
A101,S900,SENS01,450,-0.89,15.11,3.35,37.06,1.106,Breaststroke,High,Good
A101,S900,SENS01,451,-1.82,15.04,-2.41,33.52,1.032,Breaststroke,Medium,Good
A101,S900,SENS01,452,1.3,17.69,3.9,37.0,1.064,Breaststroke,Medium,Medium
A101,S900,SENS01,453,1.49,11.08,-0.67,32.04,1.019,Breaststroke,High,Medium
A101,S900,SENS01,454,-4.88,13.32,3.25,35.7,1.063,Breaststroke,Low,Medium
A101,S900,SENS01,455,-8.94,11.75,1.46,36.92,1.101,Breaststroke,Medium,Bad
A101,S900,SENS01,456,-0.14,16.54,3.13,37.09,1.096,Breaststroke,Medium,Good
A101,S900,SENS01,457,0.87,16.74,-2.05,37.59,1.094,Breaststroke,Medium,Good
A101,S900,SENS01,458,-0.65,9.43,-1.96,34.43,1.094,Breaststroke,Medium,Medium
A101,S900,SENS01,459,-1.34,17.43,9.04,34.09,1.127,Breaststroke,Medium,Medium
A101,S900,SENS01,460,1.72,12.14,3.63,35.3,0.984,Breaststroke,Medium,Medium
A101,S900,SENS01,461,1.8,15.29,0.66,33.63,1.005,Breaststroke,Medium,Good
A101,S900,SENS01,462,1.03,16.91,5.82,33.91,1.107,Breaststroke,Low,Medium
A101,S900,SENS01,463,-0.25,14.65,7.4,33.46,1.089,Breaststroke,Medium,Medium
A101,S900,SENS01,464,1.29,12.56,-1.46,33.32,1.089,Breaststroke,Medium,Good
A101,S900,SENS01,465,-1.75,14.6,-0.0,35.6,1.183,Breaststroke,Medium,Good
A101,S900,SENS01,466,-1.68,15.18,-3.26,33.83,1.19,Breaststroke,Medium,Good
A101,S900,SENS01,467,0.57,13.03,1.27,34.4,1.031,Breaststroke,Medium,Good
A101,S900,SENS01,468,0.8,16.48,0.65,34.92,1.012,Breaststroke,Low,Good
A101,S900,SENS01,469,-2.42,13.24,6.35,32.88,1.036,Breaststroke,Medium,Medium
A101,S900,SENS01,470,1.47,16.49,-3.44,33.9,1.124,Breaststroke,Medium,Good
A101,S900,SENS01,471,-1.35,17.94,-2.21,33.44,1.047,Breaststroke,Medium,Good
A101,S900,SENS01,472,-3.61,19.17,-0.94,37.13,1.046,Breaststroke,Medium,Medium
A101,S900,SENS01,473,0.77,13.99,5.84,33.01,1.053,Breaststroke,Medium,Medium
A101,S900,SENS01,474,-3.98,14.75,2.34,32.74,1.059,Breaststroke,Medium,Good
A101,S900,SENS01,475,1.07,15.6,1.58,31.31,1.099,Breaststroke,Low,Good
A101,S900,SENS01,476,3.92,16.09,5.39,32.77,1.097,Breaststroke,Medium,Medium
A101,S900,SENS01,477,0.13,19.31,4.36,35.66,0.99,Breaststroke,Medium,Medium
A101,S900,SENS01,478,9.13,15.34,-2.25,33.67,1.002,Breaststroke,Medium,Medium
A101,S900,SENS01,479,6.96,16.64,2.18,36.8,1.054,Breaststroke,Low,Medium
A101,S900,SENS01,480,2.98,19.68,-1.6,32.86,0.99,Breaststroke,Medium,Medium
A101,S900,SENS01,481,5.6,17.2,-4.74,34.26,1.097,Breaststroke,High,Bad
A101,S900,SENS01,482,5.81,17.66,0.81,31.04,1.02,Breaststroke,High,Medium
A101,S900,SENS01,483,0.73,12.12,2.51,36.52,1.058,Breaststroke,Medium,Good
A101,S900,SENS01,484,6.48,13.07,-1.74,35.38,1.13,Breaststroke,High,Medium
A101,S900,SENS01,485,3.06,15.53,0.81,36.05,1.086,Breaststroke,Medium,Good
A101,S900,SENS01,486,-4.64,21.43,-0.81,36.5,1.08,Breaststroke,Medium,Bad
A101,S900,SENS01,487,3.08,14.94,-7.21,36.15,1.042,Breaststroke,High,Medium
A101,S900,SENS01,488,-0.41,22.08,-5.82,32.71,1.009,Breaststroke,Medium,Bad
A101,S900,SENS01,489,-4.95,10.86,2.07,35.69,1.005,Breaststroke,Medium,Medium
A101,S900,SENS01,490,-3.26,14.56,-0.33,32.57,1.052,Breaststroke,Medium,Good
A101,S900,SENS01,491,-2.32,17.97,-4.54,37.69,1.16,Breaststroke,Medium,Medium
A101,S900,SENS01,492,-2.76,16.74,3.61,34.05,1.136,Breaststroke,Medium,Medium
A101,S900,SENS01,493,-0.3,14.51,-3.16,38.14,0.993,Breaststroke,Medium,Good
A101,S900,SENS01,494,4.45,21.49,-2.73,35.42,0.982,Breaststroke,Low,Bad
A101,S900,SENS01,495,7.37,24.04,11.72,31.05,1.12,Breaststroke,Medium,Bad
A101,S900,SENS01,496,1.55,15.91,0.46,37.92,0.988,Breaststroke,Medium,Good
A101,S900,SENS01,497,-2.11,11.07,-0.86,31.72,1.144,Breaststroke,Medium,Medium
A101,S900,SENS01,498,2.86,13.15,-1.06,33.62,1.076,Breaststroke,Low,Good
A101,S900,SENS01,499,-1.69,17.35,-0.09,35.48,1.121,Breaststroke,Low,Good
A101,S900,SENS01,500,0.55,19.18,1.09,30.22,1.126,Breaststroke,Medium,Good
A101,S900,SENS01,501,-0.91,13.57,-5.35,33.42,1.085,Breaststroke,High,Medium
A101,S900,SENS01,502,8.51,17.81,1.04,33.95,1.003,Breaststroke,Medium,Medium
A101,S900,SENS01,503,0.49,8.75,-1.46,35.12,1.076,Breaststroke,Medium,Medium
A101,S900,SENS01,504,-4.46,11.27,-3.07,32.91,1.081,Breaststroke,Medium,Medium
A101,S900,SENS01,505,-4.55,11.57,-1.84,31.98,1.08,Breaststroke,High,Medium
A101,S900,SENS01,506,0.02,16.94,0.19,38.67,1.1,Breaststroke,Medium,Good
A101,S900,SENS01,507,2.53,17.49,4.76,40.92,1.1,Breaststroke,Medium,Medium
A101,S900,SENS01,508,-0.28,13.81,4.46,37.97,1.078,Breaststroke,Medium,Good
A101,S900,SENS01,509,8.03,16.29,-1.68,35.82,1.151,Breaststroke,Low,Medium
A101,S900,SENS01,510,5.43,14.8,-0.84,36.68,1.05,Breaststroke,Low,Good
A101,S900,SENS01,511,-4.79,13.97,4.53,36.95,1.075,Breaststroke,High,Medium
A101,S900,SENS01,512,-7.08,13.54,-0.87,35.17,1.084,Breaststroke,High,Medium
A101,S900,SENS01,513,1.35,16.93,-1.99,36.94,1.126,Breaststroke,Low,Good
A101,S900,SENS01,514,-6.25,10.29,-1.16,36.51,1.188,Breaststroke,Low,Medium
A101,S900,SENS01,515,-8.73,18.61,-3.35,34.79,1.06,Breaststroke,Medium,Bad
A101,S900,SENS01,516,-4.98,19.2,1.72,37.25,0.989,Breaststroke,High,Bad
A101,S900,SENS01,517,-2.14,14.87,9.77,32.52,1.041,Breaststroke,Medium,Medium
A101,S900,SENS01,518,1.28,19.02,-2.5,34.24,1.078,Breaststroke,High,Medium
A101,S900,SENS01,519,-3.32,18.21,-0.22,36.72,1.143,Breaststroke,Medium,Good
A101,S900,SENS01,520,-0.58,14.36,5.16,31.26,1.031,Breaststroke,Low,Good
A101,S900,SENS01,521,-3.0,14.42,0.99,36.87,1.143,Breaststroke,Medium,Good
A101,S900,SENS01,522,-5.85,16.18,-3.54,36.12,1.068,Breaststroke,Medium,Medium
A101,S900,SENS01,523,5.57,14.4,0.86,33.56,0.928,Breaststroke,High,Medium
A101,S900,SENS01,524,-2.65,14.24,-1.32,31.82,1.113,Breaststroke,Medium,Good
A101,S900,SENS01,525,0.13,11.64,0.78,34.16,1.072,Breaststroke,Medium,Good
A101,S900,SENS01,526,0.8,9.45,0.19,33.06,1.136,Breaststroke,Medium,Medium
A101,S900,SENS01,527,-6.56,19.23,-3.84,34.29,1.004,Breaststroke,Medium,Bad
A101,S900,SENS01,528,-8.23,18.07,-3.28,34.23,1.028,Breaststroke,Low,Bad
A101,S900,SENS01,529,1.59,14.05,2.38,36.96,1.071,Breaststroke,Medium,Good
A101,S900,SENS01,530,-0.17,11.31,4.31,33.74,1.033,Breaststroke,Medium,Medium
A101,S900,SENS01,531,-0.71,11.45,0.18,33.17,0.991,Breaststroke,High,Medium
A101,S900,SENS01,532,0.63,16.34,-3.14,33.4,1.002,Breaststroke,High,Medium
A101,S900,SENS01,533,-3.76,19.05,-5.15,37.11,0.907,Breaststroke,High,Bad
A101,S900,SENS01,534,-4.63,10.87,-0.15,32.2,1.044,Breaststroke,High,Medium
A101,S900,SENS01,535,-0.92,13.25,-1.4,37.15,1.101,Breaststroke,Medium,Good
A101,S900,SENS01,536,0.35,12.93,-5.49,31.41,1.007,Breaststroke,Low,Medium
A101,S900,SENS01,537,3.26,14.42,0.95,31.11,1.165,Breaststroke,High,Good
A101,S900,SENS01,538,-0.81,14.01,-3.41,34.48,0.974,Breaststroke,Low,Good
A101,S900,SENS01,539,0.54,12.42,-1.79,36.46,1.128,Breaststroke,High,Good
A101,S900,SENS01,540,2.95,14.27,-1.5,37.98,1.055,Breaststroke,High,Good
A101,S900,SENS01,541,-7.56,12.86,-3.33,32.98,1.002,Breaststroke,Low,Bad
A101,S900,SENS01,542,-4.54,13.09,-3.45,34.62,1.076,Breaststroke,Medium,Medium
A101,S900,SENS01,543,2.77,16.32,0.07,31.93,1.049,Breaststroke,Medium,Good
A101,S900,SENS01,544,-3.48,20.02,-5.4,36.46,1.121,Breaststroke,High,Bad
A101,S900,SENS01,545,-2.69,19.1,1.16,34.99,1.056,Breaststroke,Medium,Medium
A101,S900,SENS01,546,-4.17,13.74,-5.89,33.13,1.102,Breaststroke,High,Medium
A101,S900,SENS01,547,2.36,13.98,-2.09,35.18,1.045,Breaststroke,Medium,Good
A101,S900,SENS01,548,1.64,15.88,-3.62,33.11,1.11,Breaststroke,Medium,Good
A101,S900,SENS01,549,-2.54,13.09,-1.48,33.59,1.149,Breaststroke,Medium,Good
A101,S900,SENS01,550,-0.59,16.38,0.58,35.93,1.151,Breaststroke,Medium,Good
A101,S900,SENS01,551,1.72,12.54,-3.04,35.74,1.02,Breaststroke,Medium,Medium
A101,S900,SENS01,552,-1.92,18.74,1.62,35.03,1.07,Breaststroke,High,Medium
A101,S900,SENS01,553,7.05,19.09,-5.62,34.1,1.091,Breaststroke,Medium,Medium
A101,S900,SENS01,554,-1.46,11.0,0.98,32.87,1.116,Breaststroke,Medium,Good
A101,S900,SENS01,555,-2.35,17.9,0.76,38.13,1.082,Breaststroke,High,Medium
A101,S900,SENS01,556,-0.87,12.93,-5.09,34.63,1.043,Breaststroke,High,Medium
A101,S900,SENS01,557,-1.49,15.05,8.34,35.91,1.145,Breaststroke,High,Medium
A101,S900,SENS01,558,-2.59,15.1,-1.19,33.57,1.123,Breaststroke,Medium,Good
A101,S900,SENS01,559,8.38,13.61,-0.91,33.9,0.943,Breaststroke,High,Bad
A101,S900,SENS01,560,2.42,9.86,4.83,35.52,1.093,Breaststroke,High,Bad
A101,S900,SENS01,561,9.31,11.62,-4.18,35.12,1.005,Breaststroke,Medium,Bad
A101,S900,SENS01,562,-0.83,18.01,-3.28,35.2,0.944,Breaststroke,Medium,Medium
A101,S900,SENS01,563,4.45,17.18,-1.29,32.75,1.181,Breaststroke,High,Medium
A101,S900,SENS01,564,6.92,12.47,-1.45,33.28,0.978,Breaststroke,Medium,Medium
A101,S900,SENS01,565,5.72,10.89,3.91,34.28,1.044,Breaststroke,Medium,Bad
A101,S900,SENS01,566,-1.63,9.6,3.74,33.22,1.091,Breaststroke,Low,Medium
A101,S900,SENS01,567,2.99,15.29,-8.3,36.34,1.026,Breaststroke,Low,Medium
A101,S900,SENS01,568,-5.57,12.51,2.64,35.38,1.135,Breaststroke,Medium,Medium
A101,S900,SENS01,569,-5.06,20.81,-7.37,38.09,1.019,Breaststroke,Medium,Bad
A101,S900,SENS01,570,-1.52,15.42,-5.05,32.21,1.118,Breaststroke,Medium,Good
A101,S900,SENS01,571,5.0,13.46,-0.86,33.53,1.112,Breaststroke,Medium,Good
A101,S900,SENS01,572,-0.7,11.82,-1.31,36.32,1.03,Breaststroke,Medium,Good
A101,S900,SENS01,573,-4.03,14.69,0.18,35.07,1.052,Breaststroke,High,Good
A101,S900,SENS01,574,0.73,14.23,1.11,34.98,1.1,Breaststroke,Medium,Good
A101,S900,SENS01,575,-0.16,12.8,6.26,38.76,1.118,Breaststroke,Medium,Medium
A101,S900,SENS01,576,-1.39,15.09,0.89,29.92,1.111,Breaststroke,Medium,Good
A101,S900,SENS01,577,5.65,19.5,4.61,38.01,1.086,Breaststroke,Medium,Bad
A101,S900,SENS01,578,3.56,9.73,1.9,34.7,1.08,Breaststroke,High,Bad
A101,S900,SENS01,579,-0.42,16.98,-9.99,33.86,1.153,Breaststroke,High,Bad
A101,S900,SENS01,580,-5.05,16.47,-1.95,37.45,1.024,Breaststroke,High,Medium
A101,S900,SENS01,581,4.45,10.43,6.29,32.34,1.017,Breaststroke,Medium,Bad
A101,S900,SENS01,582,4.56,11.87,2.72,37.28,1.174,Breaststroke,Medium,Medium
A101,S900,SENS01,583,-6.91,14.52,-4.7,35.75,1.085,Breaststroke,Medium,Medium
A101,S900,SENS01,584,1.02,15.45,2.54,37.59,0.957,Breaststroke,High,Good
A101,S900,SENS01,585,-9.06,19.43,3.26,30.93,1.1,Breaststroke,Low,Bad
A101,S900,SENS01,586,-5.98,13.07,-3.04,33.54,1.094,Breaststroke,Low,Medium
A101,S900,SENS01,587,-2.86,20.19,2.3,34.6,1.079,Breaststroke,Medium,Medium
A101,S900,SENS01,588,2.67,11.39,-2.0,34.16,1.071,Breaststroke,Medium,Medium
A101,S900,SENS01,589,-6.8,14.7,1.65,34.19,1.017,Breaststroke,Low,Medium
A101,S900,SENS01,590,-6.08,17.75,-5.6,34.78,1.061,Breaststroke,Medium,Bad
A101,S900,SENS01,591,2.55,13.99,5.58,30.22,1.129,Breaststroke,Medium,Medium
A101,S900,SENS01,592,0.59,10.93,9.64,33.59,1.004,Breaststroke,Medium,Bad
A101,S900,SENS01,593,0.58,15.53,-5.21,34.9,1.112,Breaststroke,High,Medium
A101,S900,SENS01,594,3.94,13.15,-3.42,37.09,1.032,Breaststroke,High,Medium
A101,S900,SENS01,595,3.29,15.02,2.03,35.88,1.048,Breaststroke,Medium,Good
A101,S900,SENS01,596,1.92,16.24,2.38,36.51,0.99,Breaststroke,Medium,Good
A101,S900,SENS01,597,6.81,13.19,-5.18,40.94,1.038,Breaststroke,High,Bad
A101,S900,SENS01,598,4.83,15.19,3.2,28.7,1.063,Breaststroke,High,Medium
A101,S900,SENS01,599,-0.83,17.76,-5.23,37.47,1.063,Breaststroke,Low,Medium
A101,S900,SENS01,600,2.05,14.03,0.2,35.9,1.01,Breaststroke,Medium,Good
A101,S900,SENS01,601,4.48,13.26,0.32,33.06,1.127,Breaststroke,Medium,Good
A101,S900,SENS01,602,2.83,15.97,-2.53,32.45,0.963,Breaststroke,Medium,Good
A101,S900,SENS01,603,3.05,11.53,0.98,31.54,1.019,Breaststroke,Medium,Medium
A101,S900,SENS01,604,-4.95,12.17,-1.88,32.12,0.989,Breaststroke,High,Medium
A101,S900,SENS01,605,-0.86,19.12,-4.56,34.54,1.154,Breaststroke,Low,Medium
A101,S900,SENS01,606,2.75,9.77,2.46,35.11,1.092,Breaststroke,Low,Medium
A101,S900,SENS01,607,1.45,14.2,8.77,32.46,1.087,Breaststroke,Low,Medium
A101,S900,SENS01,608,-8.21,16.23,-3.83,34.98,1.089,Breaststroke,Medium,Medium
A101,S900,SENS01,609,-0.43,22.28,-9.45,33.61,0.991,Breaststroke,High,Bad
A101,S900,SENS01,610,5.42,12.31,1.51,34.9,1.113,Breaststroke,Medium,Medium
A101,S900,SENS01,611,1.34,17.34,4.2,36.0,1.089,Breaststroke,High,Medium
A101,S900,SENS01,612,-2.93,10.8,2.88,37.59,1.057,Breaststroke,Low,Medium
A101,S900,SENS01,613,-2.84,12.5,3.77,35.55,0.954,Breaststroke,Medium,Medium
A101,S900,SENS01,614,-1.67,15.46,-2.2,33.48,1.076,Breaststroke,High,Good
A101,S900,SENS01,615,-1.64,15.04,1.05,34.13,1.057,Breaststroke,Medium,Good
A101,S900,SENS01,616,1.48,21.22,5.31,39.31,1.06,Breaststroke,High,Bad
A101,S900,SENS01,617,-6.74,17.19,0.92,33.7,1.051,Breaststroke,Low,Medium
A101,S900,SENS01,618,1.58,19.46,0.53,34.39,1.08,Breaststroke,High,Medium
A101,S900,SENS01,619,-2.02,18.36,0.19,30.69,1.008,Breaststroke,Medium,Good
A101,S900,SENS01,620,-5.06,18.58,-5.17,36.87,1.093,Breaststroke,Medium,Bad
A101,S900,SENS01,621,-6.4,18.97,4.78,33.68,1.086,Breaststroke,Medium,Bad
A101,S900,SENS01,622,1.76,18.55,-6.04,35.19,1.068,Breaststroke,Medium,Medium
A101,S900,SENS01,623,5.04,17.59,1.39,37.19,1.032,Breaststroke,Medium,Medium
A101,S900,SENS01,624,1.29,12.33,-0.53,35.35,1.112,Breaststroke,High,Good
A101,S900,SENS01,625,0.97,10.61,2.35,35.91,1.064,Breaststroke,Low,Medium
A101,S900,SENS01,626,0.37,12.22,3.82,38.98,1.023,Breaststroke,High,Medium
A101,S900,SENS01,627,1.68,10.81,9.24,36.32,1.023,Breaststroke,Medium,Bad
A101,S900,SENS01,628,5.05,14.04,-6.34,33.13,1.011,Breaststroke,Medium,Medium
A101,S900,SENS01,629,-6.91,14.04,-3.59,32.48,1.051,Breaststroke,Medium,Medium
A101,S900,SENS01,630,-0.09,14.95,-1.28,30.88,1.108,Breaststroke,Low,Good
A101,S900,SENS01,631,-2.48,18.75,2.28,37.36,1.048,Breaststroke,Medium,Medium
A101,S900,SENS01,632,1.17,11.61,-4.83,33.57,1.11,Breaststroke,Medium,Medium
A101,S900,SENS01,633,2.82,17.05,0.93,36.45,1.048,Breaststroke,High,Medium
A101,S900,SENS01,634,5.95,19.91,-7.67,34.68,1.128,Breaststroke,Low,Bad
A101,S900,SENS01,635,5.57,10.84,-0.1,34.13,1.007,Breaststroke,Medium,Medium
A101,S900,SENS01,636,4.6,14.55,-6.25,37.02,1.042,Breaststroke,Medium,Medium
A101,S900,SENS01,637,-2.04,18.32,-4.22,32.66,1.079,Breaststroke,Medium,Medium
A101,S900,SENS01,638,-7.35,15.72,2.39,34.31,1.146,Breaststroke,Medium,Medium
A101,S900,SENS01,639,5.85,11.65,1.5,32.34,1.023,Breaststroke,Medium,Medium
A101,S900,SENS01,640,-1.25,18.15,-5.25,37.21,1.037,Breaststroke,Medium,Medium
A101,S900,SENS01,641,1.25,17.37,5.89,34.13,0.995,Breaststroke,High,Medium
A101,S900,SENS01,642,-6.25,18.3,-3.25,31.77,1.021,Breaststroke,Low,Bad
A101,S900,SENS01,643,-0.16,9.81,0.55,33.97,1.038,Breaststroke,Medium,Medium
A101,S900,SENS01,644,4.2,14.48,-1.33,34.0,0.951,Breaststroke,Low,Good
A101,S900,SENS01,645,-5.62,17.18,-0.27,32.1,1.013,Breaststroke,Medium,Medium
A101,S900,SENS01,646,1.38,12.03,6.45,33.59,1.06,Breaststroke,High,Bad
A101,S900,SENS01,647,-4.13,12.05,9.52,34.9,1.006,Breaststroke,Medium,Bad
A101,S900,SENS01,648,-3.91,11.33,2.87,34.34,1.088,Breaststroke,Medium,Medium
A101,S900,SENS01,649,-4.31,12.07,1.42,33.97,1.123,Breaststroke,Low,Medium
A101,S900,SENS01,650,0.58,17.25,-4.15,34.91,1.094,Breaststroke,High,Medium
A101,S900,SENS01,651,2.54,10.26,-0.51,31.51,1.051,Breaststroke,Low,Medium
A101,S900,SENS01,652,-3.01,12.34,4.69,33.72,1.053,Breaststroke,Medium,Medium
A101,S900,SENS01,653,3.3,15.7,3.53,36.37,1.165,Breaststroke,Low,Good
A101,S900,SENS01,654,-0.54,10.97,-3.79,35.08,1.116,Breaststroke,Low,Medium
A101,S900,SENS01,655,-3.87,12.79,-6.59,36.07,1.153,Breaststroke,Low,Medium
A101,S900,SENS01,656,-1.39,14.61,-10.93,34.87,1.124,Breaststroke,High,Bad
A101,S900,SENS01,657,-1.48,24.13,-0.87,34.32,1.121,Breaststroke,High,Bad
A101,S900,SENS01,658,2.71,17.43,4.01,34.88,1.088,Breaststroke,Medium,Medium
A101,S900,SENS01,659,0.84,15.65,1.57,32.23,1.096,Breaststroke,Low,Good
A101,S900,SENS01,660,-0.03,21.45,-3.82,35.59,1.116,Breaststroke,Medium,Medium
A101,S900,SENS01,661,-1.07,14.5,-0.55,33.65,1.063,Breaststroke,Medium,Good
A101,S900,SENS01,662,-2.53,13.76,0.3,36.19,1.057,Breaststroke,Medium,Good
A101,S900,SENS01,663,-1.05,10.66,1.21,39.43,1.125,Breaststroke,Low,Medium
A101,S900,SENS01,664,6.46,8.19,1.5,33.27,1.096,Breaststroke,High,Bad
A101,S900,SENS01,665,-1.77,17.77,0.56,36.6,1.043,Breaststroke,Low,Good
A101,S900,SENS01,666,1.24,14.49,3.82,30.82,1.094,Breaststroke,Medium,Good
A101,S900,SENS01,667,-6.09,18.17,-4.44,35.18,1.034,Breaststroke,Medium,Bad
A101,S900,SENS01,668,-3.09,8.74,-1.31,34.04,1.096,Breaststroke,Low,Medium
A101,S900,SENS01,669,-2.15,21.17,-0.42,34.67,1.063,Breaststroke,Medium,Medium
A101,S900,SENS01,670,-0.58,21.29,0.67,33.39,1.047,Breaststroke,Medium,Medium
A101,S900,SENS01,671,-3.96,19.0,-2.45,33.38,1.103,Breaststroke,Medium,Medium
A101,S900,SENS01,672,6.14,20.34,-1.42,31.7,1.047,Breaststroke,Medium,Bad
A101,S900,SENS01,673,-9.29,15.05,2.76,36.79,1.087,Breaststroke,High,Bad
A101,S900,SENS01,674,-2.93,15.71,3.25,34.88,1.106,Breaststroke,Medium,Good
A101,S900,SENS01,675,3.51,17.07,-2.19,33.1,1.033,Breaststroke,Low,Medium
A101,S900,SENS01,676,-11.79,10.47,-1.69,32.54,1.051,Breaststroke,Medium,Bad
A101,S900,SENS01,677,0.09,14.58,4.11,33.03,1.106,Breaststroke,Medium,Good
A101,S900,SENS01,678,3.54,14.44,-2.73,36.55,1.125,Breaststroke,High,Medium
A101,S900,SENS01,679,-5.66,18.74,-3.77,36.97,1.117,Breaststroke,Medium,Bad
A101,S900,SENS01,680,0.02,11.19,-1.2,34.86,1.093,Breaststroke,Low,Good
A101,S900,SENS01,681,-0.44,11.83,0.01,34.07,1.085,Breaststroke,High,Good
A101,S900,SENS01,682,-1.03,16.86,1.5,34.35,1.099,Breaststroke,Low,Good
A101,S900,SENS01,683,-3.41,16.67,-1.26,34.7,1.131,Breaststroke,Low,Good
A101,S900,SENS01,684,1.69,14.83,-6.0,33.59,1.187,Breaststroke,Low,Good
A101,S900,SENS01,685,2.3,13.95,-1.8,36.26,1.043,Breaststroke,High,Good
A101,S900,SENS01,686,-3.29,9.96,7.51,39.03,1.117,Breaststroke,Medium,Bad
A101,S900,SENS01,687,2.99,14.26,3.84,34.89,1.101,Breaststroke,High,Medium
A101,S900,SENS01,688,-1.06,14.4,4.84,38.37,1.063,Breaststroke,Medium,Good
A101,S900,SENS01,689,-5.0,15.93,-1.18,38.72,1.022,Breaststroke,Medium,Good
A101,S900,SENS01,690,0.67,20.8,-0.41,32.96,1.092,Breaststroke,High,Medium
A101,S900,SENS01,691,4.05,11.27,-2.88,35.23,1.092,Breaststroke,Low,Medium
A101,S900,SENS01,692,-0.1,14.46,4.22,35.21,1.087,Breaststroke,Low,Good
A101,S900,SENS01,693,4.43,14.37,-2.53,34.05,1.026,Breaststroke,High,Medium
A101,S900,SENS01,694,5.57,15.23,-3.78,35.1,1.118,Breaststroke,Medium,Medium
A101,S900,SENS01,695,-3.14,10.98,-1.1,37.26,1.119,Breaststroke,Medium,Medium
A101,S900,SENS01,696,2.94,13.05,5.04,33.01,0.994,Breaststroke,High,Medium
A101,S900,SENS01,697,-0.39,15.26,0.14,37.15,1.028,Breaststroke,Medium,Good
A101,S900,SENS01,698,-2.02,16.14,-1.0,36.57,1.061,Breaststroke,Low,Good
A101,S900,SENS01,699,1.83,16.89,8.7,34.23,1.11,Breaststroke,High,Bad
A101,S900,SENS01,700,4.6,15.41,-4.08,35.81,1.013,Breaststroke,Medium,Medium
A101,S900,SENS01,701,2.67,16.84,2.31,36.53,1.054,Breaststroke,High,Medium
A101,S900,SENS01,702,2.37,17.04,5.02,33.33,1.039,Breaststroke,Medium,Medium
A101,S900,SENS01,703,-1.66,13.16,3.68,37.17,1.044,Breaststroke,High,Medium
A101,S900,SENS01,704,0.5,13.84,-1.6,37.26,1.0,Breaststroke,Medium,Good
A101,S900,SENS01,705,12.14,14.15,0.32,34.56,0.951,Breaststroke,High,Bad
A101,S900,SENS01,706,7.24,13.19,3.81,34.48,1.073,Breaststroke,Low,Medium
A101,S900,SENS01,707,1.79,15.67,4.45,32.37,0.963,Breaststroke,High,Medium
A101,S900,SENS01,708,4.24,16.99,-6.66,33.45,1.132,Breaststroke,High,Bad
A101,S900,SENS01,709,-0.2,11.31,-7.39,34.31,1.046,Breaststroke,Medium,Medium
A101,S900,SENS01,710,3.15,8.36,0.11,31.96,0.965,Breaststroke,Medium,Medium
A101,S900,SENS01,711,3.5,17.47,-8.25,34.87,1.093,Breaststroke,High,Bad
A101,S900,SENS01,712,0.62,11.3,3.44,34.38,1.018,Breaststroke,High,Medium
A101,S900,SENS01,713,1.13,14.56,-7.24,31.91,1.029,Breaststroke,Medium,Medium
A101,S900,SENS01,714,-2.14,12.73,0.88,38.91,0.987,Breaststroke,High,Medium
A101,S900,SENS01,715,5.3,21.48,-1.87,35.29,0.972,Breaststroke,High,Bad
A101,S900,SENS01,716,3.7,14.63,1.93,36.24,1.034,Breaststroke,Medium,Good
A101,S900,SENS01,717,-5.9,16.5,7.51,31.36,1.032,Breaststroke,Medium,Bad
A101,S900,SENS01,718,-6.17,15.82,0.37,35.06,1.02,Breaststroke,High,Medium
A101,S900,SENS01,719,-1.53,17.0,6.5,33.03,1.04,Breaststroke,High,Medium
A101,S900,SENS01,720,-3.65,15.05,0.73,31.6,1.063,Breaststroke,High,Good
A101,S900,SENS01,721,-4.34,17.87,0.19,34.65,1.11,Breaststroke,High,Medium
A101,S900,SENS01,722,-2.28,12.65,2.79,35.07,1.009,Breaststroke,High,Medium
A101,S900,SENS01,723,1.03,16.15,-1.31,34.07,0.987,Breaststroke,High,Good
A101,S900,SENS01,724,-0.26,14.06,-1.31,35.6,1.02,Breaststroke,High,Good
A101,S900,SENS01,725,-0.71,14.97,1.03,34.12,1.018,Breaststroke,High,Good
A101,S900,SENS01,726,2.02,10.77,1.12,34.57,1.008,Breaststroke,Medium,Medium
A101,S900,SENS01,727,0.49,14.09,0.36,32.38,1.017,Breaststroke,Low,Good
A101,S900,SENS01,728,-1.84,16.31,0.86,38.33,1.073,Breaststroke,Medium,Good
A101,S900,SENS01,729,2.79,19.83,-0.05,34.86,1.025,Breaststroke,High,Medium
A101,S900,SENS01,730,-10.5,11.6,5.88,31.6,0.994,Breaststroke,Low,Bad
A101,S900,SENS01,731,4.52,13.27,3.85,31.46,0.986,Breaststroke,High,Medium
A101,S900,SENS01,732,0.26,12.53,10.07,37.83,1.0,Breaststroke,Medium,Bad
A101,S900,SENS01,733,0.23,13.64,2.98,37.99,1.062,Breaststroke,High,Good
A101,S900,SENS01,734,5.4,21.54,-2.83,33.83,0.973,Breaststroke,Medium,Bad
A101,S900,SENS01,735,-4.9,16.86,-10.97,32.1,0.993,Breaststroke,Medium,Bad
A101,S900,SENS01,736,0.62,14.91,-2.88,33.84,1.055,Breaststroke,High,Good
A101,S900,SENS01,737,-6.13,11.85,-3.97,36.18,1.024,Breaststroke,High,Bad
A101,S900,SENS01,738,-4.11,13.77,5.01,33.18,0.963,Breaststroke,Medium,Medium
A101,S900,SENS01,739,-7.31,18.28,-3.52,34.03,1.096,Breaststroke,High,Bad
A101,S900,SENS01,740,0.25,8.73,5.18,35.48,0.9,Breaststroke,High,Bad
A101,S900,SENS01,741,2.58,13.44,-2.5,35.36,1.097,Breaststroke,High,Medium
A101,S900,SENS01,742,-12.93,10.63,2.98,33.67,0.982,Breaststroke,Medium,Bad
A101,S900,SENS01,743,-0.1,19.05,4.22,33.85,1.088,Breaststroke,High,Medium
A101,S900,SENS01,744,1.65,15.61,-5.54,39.27,1.005,Breaststroke,High,Medium
A101,S900,SENS01,745,-1.23,13.32,6.23,35.12,1.081,Breaststroke,High,Medium
A101,S900,SENS01,746,-2.06,16.82,12.47,36.92,1.028,Breaststroke,Medium,Bad
A101,S900,SENS01,747,-3.53,19.25,1.75,32.06,1.046,Breaststroke,Medium,Medium
A101,S900,SENS01,748,3.12,15.42,-4.26,35.67,1.021,Breaststroke,High,Medium
A101,S900,SENS01,749,-4.49,15.13,3.28,29.9,1.083,Breaststroke,High,Medium
A101,S900,SENS01,750,5.46,17.58,-0.6,37.17,1.037,Breaststroke,High,Medium
A101,S900,SENS01,751,-6.1,17.06,1.55,32.42,1.067,Breaststroke,High,Medium
A101,S900,SENS01,752,2.31,15.03,2.09,35.42,1.057,Breaststroke,High,Good
A101,S900,SENS01,753,-1.45,17.89,-3.56,35.68,1.083,Breaststroke,Medium,Medium
A101,S900,SENS01,754,-6.14,15.84,5.51,36.33,1.007,Breaststroke,Medium,Medium
A101,S900,SENS01,755,-5.1,12.08,4.37,32.64,1.077,Breaststroke,Medium,Medium
A101,S900,SENS01,756,-2.63,13.29,4.81,35.12,1.071,Breaststroke,High,Medium
A101,S900,SENS01,757,-4.25,11.39,-1.93,34.6,0.982,Breaststroke,High,Medium
A101,S900,SENS01,758,7.23,9.27,7.9,32.07,1.031,Breaststroke,High,Bad
A101,S900,SENS01,759,2.5,20.46,0.12,32.07,0.919,Breaststroke,High,Medium
A101,S900,SENS01,760,1.63,14.23,-1.86,33.25,0.914,Breaststroke,High,Good
A101,S900,SENS01,761,-3.85,17.25,0.25,32.0,0.97,Breaststroke,High,Medium
A101,S900,SENS01,762,-2.46,14.55,-1.92,37.3,0.994,Breaststroke,High,Good
A101,S900,SENS01,763,-4.81,11.31,5.66,33.18,1.074,Breaststroke,High,Bad
A101,S900,SENS01,764,1.98,13.52,-1.45,35.35,0.999,Breaststroke,High,Medium
A101,S900,SENS01,765,-2.58,20.6,2.88,35.49,1.109,Breaststroke,High,Bad
A101,S900,SENS01,766,-2.36,12.22,-3.82,37.1,1.047,Breaststroke,High,Medium
A101,S900,SENS01,767,7.02,14.02,-3.0,37.4,1.107,Breaststroke,Medium,Medium
A101,S900,SENS01,768,-5.91,11.36,-1.51,34.1,1.108,Breaststroke,Medium,Medium
A101,S900,SENS01,769,4.82,15.94,-4.38,29.01,1.095,Breaststroke,High,Medium
A101,S900,SENS01,770,-7.94,12.45,-3.33,30.95,0.961,Breaststroke,High,Bad
A101,S900,SENS01,771,-5.67,19.4,0.78,33.06,1.075,Breaststroke,Low,Medium
A101,S900,SENS01,772,-0.77,13.2,-11.41,36.41,1.115,Breaststroke,Medium,Bad
A101,S900,SENS01,773,-5.39,14.91,-4.71,34.42,1.044,Breaststroke,High,Medium
A101,S900,SENS01,774,1.97,15.41,-6.18,35.23,1.02,Breaststroke,High,Medium
A101,S900,SENS01,775,-6.79,12.57,4.53,33.81,1.094,Breaststroke,High,Bad
A101,S900,SENS01,776,4.4,17.55,-1.28,33.41,0.95,Breaststroke,High,Medium
A101,S900,SENS01,777,8.47,16.66,-5.22,37.24,1.05,Breaststroke,High,Bad
A101,S900,SENS01,778,-7.94,13.46,5.47,33.31,1.034,Breaststroke,High,Bad
A101,S900,SENS01,779,-2.75,16.3,2.76,35.66,1.064,Breaststroke,High,Medium
A101,S900,SENS01,780,-3.66,19.06,-4.83,32.3,1.06,Breaststroke,High,Bad
A101,S900,SENS01,781,0.01,12.31,1.36,32.25,0.97,Breaststroke,Medium,Good
A101,S900,SENS01,782,-2.62,14.73,3.69,28.92,0.897,Breaststroke,High,Medium
A101,S900,SENS01,783,-0.06,23.84,-4.35,34.42,1.058,Breaststroke,Medium,Bad
A101,S900,SENS01,784,5.48,10.93,1.71,32.96,1.009,Breaststroke,Medium,Medium
A101,S900,SENS01,785,0.64,16.99,1.55,33.46,1.085,Breaststroke,Medium,Good
A101,S900,SENS01,786,3.32,12.5,-5.86,30.35,0.979,Breaststroke,High,Bad
A101,S900,SENS01,787,2.47,18.56,-4.4,36.38,1.026,Breaststroke,High,Bad
A101,S900,SENS01,788,-5.43,15.6,-5.35,33.45,0.98,Breaststroke,High,Bad
A101,S900,SENS01,789,1.99,15.19,10.84,35.04,1.08,Breaststroke,Low,Medium
A101,S900,SENS01,790,7.94,17.59,-3.57,36.2,0.984,Breaststroke,High,Bad
A101,S900,SENS01,791,6.94,15.25,-3.71,34.06,1.037,Breaststroke,Low,Medium
A101,S900,SENS01,792,1.59,15.76,-0.14,33.58,1.081,Breaststroke,High,Good
A101,S900,SENS01,793,7.38,16.45,4.66,35.05,1.035,Breaststroke,Medium,Bad
A101,S900,SENS01,794,-0.63,17.22,-1.49,36.02,0.973,Breaststroke,High,Good
A101,S900,SENS01,795,1.62,11.08,-4.29,33.06,1.076,Breaststroke,High,Medium
A101,S900,SENS01,796,-2.79,15.33,-3.2,39.17,1.112,Breaststroke,Medium,Good
A101,S900,SENS01,797,-3.23,10.29,3.46,30.34,0.982,Breaststroke,High,Bad
A101,S900,SENS01,798,-2.39,8.23,6.49,33.16,1.07,Breaststroke,Medium,Bad
A101,S900,SENS01,799,-3.71,20.09,2.62,35.19,1.015,Breaststroke,High,Bad
A101,S900,SENS01,800,3.8,14.49,-6.96,38.48,1.032,Breaststroke,High,Medium
A101,S900,SENS01,801,6.13,13.84,2.54,30.85,1.007,Breaststroke,High,Medium
A101,S900,SENS01,802,-2.28,14.0,-7.44,37.04,0.893,Breaststroke,High,Bad
A101,S900,SENS01,803,4.14,9.05,3.29,34.01,0.978,Breaststroke,Medium,Bad
A101,S900,SENS01,804,6.61,12.31,5.01,34.64,1.005,Breaststroke,High,Bad
A101,S900,SENS01,805,-3.93,18.29,-3.48,34.29,1.061,Breaststroke,Medium,Medium
A101,S900,SENS01,806,3.0,14.75,1.9,35.09,1.073,Breaststroke,High,Good
A101,S900,SENS01,807,3.19,14.8,-6.62,33.61,1.142,Breaststroke,High,Medium
A101,S900,SENS01,808,-1.36,14.75,3.38,34.31,1.036,Breaststroke,High,Good
A101,S900,SENS01,809,-5.11,8.67,-8.08,35.57,0.928,Breaststroke,High,Bad
A101,S900,SENS01,810,-1.17,16.65,5.77,32.03,0.995,Breaststroke,Medium,Medium
A101,S900,SENS01,811,2.87,10.3,-0.52,35.32,1.129,Breaststroke,High,Medium
A101,S900,SENS01,812,-3.41,11.14,-1.94,31.22,0.971,Breaststroke,Low,Medium
A101,S900,SENS01,813,-2.01,13.36,0.44,31.47,1.142,Breaststroke,High,Good
A101,S900,SENS01,814,-4.57,18.07,3.28,36.87,1.083,Breaststroke,High,Bad
A101,S900,SENS01,815,-8.33,15.79,5.88,37.4,1.019,Breaststroke,High,Bad
A101,S900,SENS01,816,-0.16,18.45,6.18,35.9,1.018,Breaststroke,High,Medium
A101,S900,SENS01,817,2.53,19.31,-3.72,34.39,1.064,Breaststroke,Medium,Medium
A101,S900,SENS01,818,-4.7,12.76,3.79,34.24,1.054,Breaststroke,High,Medium
A101,S900,SENS01,819,-1.47,14.44,1.07,35.82,1.041,Breaststroke,High,Good
A101,S900,SENS01,820,3.05,15.62,2.98,36.64,1.126,Breaststroke,High,Medium
A101,S900,SENS01,821,0.22,16.28,-4.66,34.89,1.031,Breaststroke,Low,Good
A101,S900,SENS01,822,4.56,10.06,3.85,34.5,0.948,Breaststroke,High,Bad
A101,S900,SENS01,823,-0.3,13.47,9.51,37.75,1.121,Breaststroke,High,Medium
A101,S900,SENS01,824,-10.6,14.13,-6.65,33.96,1.028,Breaststroke,High,Bad
A101,S900,SENS01,825,-1.46,9.95,0.45,34.07,1.052,Breaststroke,Medium,Medium
A101,S900,SENS01,826,-1.13,23.84,4.96,32.47,0.956,Breaststroke,High,Bad
A101,S900,SENS01,827,5.32,18.05,-10.5,34.8,1.074,Breaststroke,High,Bad
A101,S900,SENS01,828,-4.18,23.47,-14.04,31.33,1.138,Breaststroke,High,Bad
A101,S900,SENS01,829,6.79,10.79,8.11,35.82,1.05,Breaststroke,Medium,Bad
A101,S900,SENS01,830,-3.65,12.45,0.3,31.48,1.074,Breaststroke,Low,Good
A101,S900,SENS01,831,2.01,10.34,5.59,32.22,1.033,Breaststroke,Low,Bad
A101,S900,SENS01,832,-5.19,13.06,-4.22,34.72,1.009,Breaststroke,High,Bad
A101,S900,SENS01,833,-6.19,15.51,3.74,35.74,0.959,Breaststroke,High,Medium
A101,S900,SENS01,834,-0.51,12.65,-9.37,35.08,1.083,Breaststroke,High,Bad
A101,S900,SENS01,835,1.38,12.53,0.01,33.65,1.012,Breaststroke,Medium,Good
A101,S900,SENS01,836,0.59,16.72,4.45,34.33,1.074,Breaststroke,High,Medium
A101,S900,SENS01,837,-2.45,13.57,3.73,33.65,0.965,Breaststroke,Medium,Medium
A101,S900,SENS01,838,-3.37,18.16,-1.74,32.55,0.954,Breaststroke,Medium,Medium
A101,S900,SENS01,839,-1.83,14.62,3.0,37.94,0.955,Breaststroke,High,Medium
A101,S900,SENS01,840,7.47,15.6,-2.24,37.47,1.123,Breaststroke,High,Medium
A101,S900,SENS01,841,2.58,14.6,-1.33,34.15,1.04,Breaststroke,High,Good
A101,S900,SENS01,842,-2.49,17.06,-1.34,34.32,1.008,Breaststroke,High,Medium
A101,S900,SENS01,843,-4.63,11.27,2.69,35.62,1.035,Breaststroke,Medium,Medium
A101,S900,SENS01,844,0.04,14.76,3.19,33.32,1.023,Breaststroke,High,Good
A101,S900,SENS01,845,4.96,13.21,-0.1,33.01,1.016,Breaststroke,Medium,Good
A101,S900,SENS01,846,3.35,14.63,1.07,34.28,0.906,Breaststroke,High,Medium
A101,S900,SENS01,847,2.64,15.41,0.01,33.28,1.046,Breaststroke,Low,Good
A101,S900,SENS01,848,1.22,12.53,-2.21,35.69,1.081,Breaststroke,Low,Good
A101,S900,SENS01,849,-4.05,11.58,5.79,36.0,1.038,Breaststroke,Medium,Bad
A101,S900,SENS01,850,-3.47,17.34,7.01,33.63,0.996,Breaststroke,Medium,Bad
A101,S900,SENS01,851,-0.02,13.43,0.71,29.42,1.033,Breaststroke,Medium,Good
A101,S900,SENS01,852,2.15,11.32,2.78,37.1,1.031,Breaststroke,Medium,Medium
A101,S900,SENS01,853,1.09,19.11,-4.41,31.75,1.06,Breaststroke,High,Medium
A101,S900,SENS01,854,2.84,14.79,-10.0,34.4,1.009,Breaststroke,Medium,Medium
A101,S900,SENS01,855,3.68,13.08,6.84,31.2,1.045,Breaststroke,High,Bad
A101,S900,SENS01,856,5.32,17.93,-2.71,35.15,1.039,Breaststroke,High,Bad
A101,S900,SENS01,857,4.86,7.4,1.49,32.69,1.075,Breaststroke,High,Bad
A101,S900,SENS01,858,2.04,13.81,2.89,36.41,1.007,Breaststroke,Medium,Good
A101,S900,SENS01,859,-1.79,11.14,-2.09,33.72,1.093,Breaststroke,High,Medium
A101,S900,SENS01,860,-6.53,15.4,3.15,34.15,0.951,Breaststroke,High,Medium
A101,S900,SENS01,861,1.96,12.52,5.38,33.22,1.008,Breaststroke,Medium,Medium
A101,S900,SENS01,862,-6.89,17.45,4.94,33.68,1.013,Breaststroke,High,Bad
A101,S900,SENS01,863,8.15,18.99,-2.22,35.48,1.033,Breaststroke,High,Bad
A101,S900,SENS01,864,0.68,21.92,-2.51,33.55,1.029,Breaststroke,High,Bad
A101,S900,SENS01,865,0.81,15.02,-4.24,31.08,1.152,Breaststroke,High,Good
A101,S900,SENS01,866,1.23,11.24,-5.65,35.46,1.101,Breaststroke,High,Medium
A101,S900,SENS01,867,-6.77,13.97,-1.87,31.7,1.064,Breaststroke,Medium,Medium
A101,S900,SENS01,868,1.46,12.58,-3.23,36.84,1.018,Breaststroke,High,Medium
A101,S900,SENS01,869,5.28,15.08,2.76,31.66,0.957,Breaststroke,High,Medium
A101,S900,SENS01,870,4.45,10.39,-2.79,34.79,0.931,Breaststroke,High,Bad
A101,S900,SENS01,871,0.19,10.53,-2.33,30.69,1.054,Breaststroke,High,Medium
A101,S900,SENS01,872,-3.55,10.33,-3.27,33.03,0.99,Breaststroke,High,Bad
A101,S900,SENS01,873,-0.84,15.33,8.94,35.16,1.102,Breaststroke,High,Medium
A101,S900,SENS01,874,0.0,13.81,-1.55,34.77,1.096,Breaststroke,High,Good
A101,S900,SENS01,875,-1.76,16.98,-4.3,33.42,0.997,Breaststroke,High,Medium
A101,S900,SENS01,876,-3.77,14.04,4.57,35.48,0.941,Breaststroke,High,Medium
A101,S900,SENS01,877,1.83,14.5,-4.03,34.42,1.099,Breaststroke,Medium,Good
A101,S900,SENS01,878,-8.01,11.77,0.74,33.94,1.056,Breaststroke,High,Bad
A101,S900,SENS01,879,-2.16,12.76,0.87,34.15,1.044,Breaststroke,High,Medium
A101,S900,SENS01,880,-10.61,15.51,2.1,36.77,1.089,Breaststroke,High,Bad
A101,S900,SENS01,881,-1.24,10.95,1.95,35.65,1.054,Breaststroke,Medium,Medium
A101,S900,SENS01,882,0.13,12.48,-0.46,30.19,1.072,Breaststroke,High,Good
A101,S900,SENS01,883,-10.64,16.19,-2.65,35.82,1.108,Breaststroke,High,Bad
A101,S900,SENS01,884,1.91,18.88,5.66,36.47,1.019,Breaststroke,High,Bad
A101,S900,SENS01,885,1.67,21.3,5.01,33.08,1.034,Breaststroke,Medium,Bad
A101,S900,SENS01,886,-1.42,21.31,-0.57,32.49,1.104,Breaststroke,High,Medium
A101,S900,SENS01,887,3.9,15.72,2.06,34.56,0.997,Breaststroke,High,Medium
A101,S900,SENS01,888,-9.24,15.23,-1.54,30.48,1.097,Breaststroke,Medium,Medium
A101,S900,SENS01,889,5.32,9.84,4.69,31.67,1.025,Breaststroke,High,Bad
A101,S900,SENS01,890,-2.23,16.69,1.1,31.89,1.051,Breaststroke,High,Good
A101,S900,SENS01,891,-4.67,16.54,-5.67,37.72,1.056,Breaststroke,High,Bad
A101,S900,SENS01,892,-4.65,16.18,2.52,33.78,0.998,Breaststroke,Medium,Medium
A101,S900,SENS01,893,-0.53,15.34,2.5,33.84,1.061,Breaststroke,High,Good
A101,S900,SENS01,894,-1.16,14.6,6.35,34.09,1.034,Breaststroke,Low,Medium
A101,S900,SENS01,895,-8.05,12.17,-2.46,36.97,1.049,Breaststroke,Medium,Bad
A101,S900,SENS01,896,-0.11,13.06,2.84,36.09,0.949,Breaststroke,High,Medium
A101,S900,SENS01,897,8.9,10.75,3.16,31.83,1.045,Breaststroke,High,Bad
A101,S900,SENS01,898,-0.57,13.45,6.13,38.58,0.925,Breaststroke,High,Medium
A101,S900,SENS01,899,-2.04,14.22,4.81,33.25,1.034,Breaststroke,Low,Medium
A101,S900,SENS01,900,-1.88,13.64,-7.31,34.24,1.058,Breaststroke,Low,Medium
A101,S900,SENS01,901,-4.18,20.48,-4.24,35.39,0.975,Breaststroke,High,Bad
A101,S900,SENS01,902,-3.12,20.19,0.97,35.85,1.123,Breaststroke,Low,Medium
A101,S900,SENS01,903,-12.18,18.93,5.33,34.12,1.043,Breaststroke,Medium,Bad
A101,S900,SENS01,904,4.82,15.66,2.77,34.91,1.081,Breaststroke,High,Medium
A101,S900,SENS01,905,5.17,12.43,7.15,35.77,1.012,Breaststroke,Low,Bad
A101,S900,SENS01,906,1.57,19.63,-6.04,36.97,1.028,Breaststroke,High,Bad
A101,S900,SENS01,907,-9.13,13.25,-0.71,32.29,0.987,Breaststroke,High,Bad
A101,S900,SENS01,908,1.78,14.85,-3.74,33.84,1.084,Breaststroke,High,Good
A101,S900,SENS01,909,0.79,16.05,1.82,36.16,1.097,Breaststroke,Medium,Good
A101,S900,SENS01,910,4.47,14.5,2.56,35.67,1.058,Breaststroke,Medium,Good
A101,S900,SENS01,911,-1.01,11.81,-0.2,33.75,0.956,Breaststroke,High,Medium
A101,S900,SENS01,912,-3.68,15.53,0.04,30.82,1.052,Breaststroke,Low,Good
A101,S900,SENS01,913,0.12,18.02,-2.12,34.42,1.019,Breaststroke,High,Medium
A101,S900,SENS01,914,-4.28,7.75,1.64,34.62,1.078,Breaststroke,Medium,Bad
A101,S900,SENS01,915,4.51,13.55,4.73,35.98,0.987,Breaststroke,Medium,Medium
A101,S900,SENS01,916,4.52,22.77,-5.59,37.8,0.923,Breaststroke,High,Bad
A101,S900,SENS01,917,2.13,14.08,5.29,36.06,0.988,Breaststroke,High,Medium
A101,S900,SENS01,918,-1.25,13.71,6.13,36.3,1.003,Breaststroke,High,Medium
A101,S900,SENS01,919,-8.17,13.88,-4.45,30.31,1.059,Breaststroke,Medium,Bad
A101,S900,SENS01,920,-0.06,13.54,-1.91,34.45,1.07,Breaststroke,High,Good
A101,S900,SENS01,921,1.95,11.74,4.54,35.62,0.981,Breaststroke,High,Medium
A101,S900,SENS01,922,-1.34,9.71,-4.24,39.22,1.034,Breaststroke,High,Bad
A101,S900,SENS01,923,1.65,15.88,2.73,34.13,1.117,Breaststroke,High,Good
A101,S900,SENS01,924,-2.37,14.92,-1.98,34.5,1.019,Breaststroke,Medium,Good
A101,S900,SENS01,925,-2.08,12.36,-1.46,34.67,1.048,Breaststroke,High,Medium
A101,S900,SENS01,926,-1.83,17.06,1.57,35.74,1.023,Breaststroke,Low,Good
A101,S900,SENS01,927,1.68,7.66,2.03,33.61,1.058,Breaststroke,Low,Medium
A101,S900,SENS01,928,2.45,11.76,2.87,34.33,1.076,Breaststroke,Medium,Medium
A101,S900,SENS01,929,4.14,16.05,2.6,33.7,1.023,Breaststroke,Medium,Medium
A101,S900,SENS01,930,-4.83,14.26,-4.45,37.38,1.045,Breaststroke,High,Medium
A101,S900,SENS01,931,0.63,14.33,1.53,31.12,1.083,Breaststroke,Medium,Good
A101,S900,SENS01,932,-4.17,15.88,8.46,32.4,0.973,Breaststroke,Medium,Bad
A101,S900,SENS01,933,-0.11,9.56,4.83,30.64,0.947,Breaststroke,Medium,Medium
A101,S900,SENS01,934,1.04,15.52,3.04,32.7,0.992,Breaststroke,Medium,Good
A101,S900,SENS01,935,6.29,14.39,1.88,32.47,1.015,Breaststroke,High,Medium
A101,S900,SENS01,936,-7.49,12.35,-2.07,35.93,1.15,Breaststroke,High,Bad
A101,S900,SENS01,937,3.74,15.69,-4.84,32.66,1.103,Breaststroke,Low,Medium
A101,S900,SENS01,938,-4.47,17.74,3.89,32.04,1.135,Breaststroke,High,Bad
A101,S900,SENS01,939,0.26,17.22,-3.27,31.09,1.061,Breaststroke,Low,Good
A101,S900,SENS01,940,3.84,18.4,-1.35,33.83,1.031,Breaststroke,High,Medium
A101,S900,SENS01,941,2.44,16.45,8.38,33.9,1.05,Breaststroke,Medium,Medium
A101,S900,SENS01,942,0.49,12.64,0.71,33.36,1.099,Breaststroke,High,Good
A101,S900,SENS01,943,-0.7,15.13,0.65,35.66,1.061,Breaststroke,High,Good
A101,S900,SENS01,944,0.49,16.22,-0.19,31.36,1.019,Breaststroke,High,Good
A101,S900,SENS01,945,1.01,10.46,-3.15,34.33,1.047,Breaststroke,High,Medium
A101,S900,SENS01,946,-10.8,16.09,-4.78,32.86,1.034,Breaststroke,High,Bad
A101,S900,SENS01,947,-4.7,12.68,0.98,32.64,0.927,Breaststroke,High,Medium
A101,S900,SENS01,948,-2.53,11.96,5.75,36.42,0.964,Breaststroke,High,Bad
A101,S900,SENS01,949,-0.47,17.9,2.34,35.98,1.041,Breaststroke,Medium,Good
A101,S900,SENS01,950,2.98,20.77,-4.19,31.51,1.015,Breaststroke,High,Bad
A101,S900,SENS01,951,-8.26,20.76,0.06,32.74,1.007,Breaststroke,Medium,Bad
A101,S900,SENS01,952,1.13,15.12,-0.09,38.65,1.043,Breaststroke,High,Good
A101,S900,SENS01,953,0.17,15.25,-2.33,37.0,1.074,Breaststroke,Medium,Good
A101,S900,SENS01,954,-0.2,16.32,0.13,37.71,0.941,Breaststroke,High,Good
A101,S900,SENS01,955,2.55,15.63,-6.93,34.59,1.008,Breaststroke,Medium,Medium
A101,S900,SENS01,956,-5.53,13.87,-1.94,31.62,1.09,Breaststroke,Low,Medium
A101,S900,SENS01,957,-4.89,15.07,8.24,33.54,0.923,Breaststroke,High,Bad
A101,S900,SENS01,958,1.41,15.31,-5.56,30.41,1.0,Breaststroke,High,Medium
A101,S900,SENS01,959,2.23,15.76,-7.67,35.17,1.006,Breaststroke,Low,Medium
A101,S900,SENS01,960,-1.14,9.79,-1.43,35.15,1.056,Breaststroke,High,Bad
A101,S900,SENS01,961,-2.1,16.9,-2.08,29.83,1.072,Breaststroke,High,Medium
A101,S900,SENS01,962,-1.94,13.62,-3.85,30.47,1.076,Breaststroke,Medium,Good
A101,S900,SENS01,963,-1.57,8.52,0.31,32.91,1.114,Breaststroke,High,Medium
A101,S900,SENS01,964,5.31,15.99,5.04,34.55,0.982,Breaststroke,Low,Medium
A101,S900,SENS01,965,10.56,17.52,6.71,38.29,1.125,Breaststroke,High,Bad
A101,S900,SENS01,966,-0.96,16.25,2.64,34.99,1.069,Breaststroke,High,Good
A101,S900,SENS01,967,2.27,8.96,0.27,32.99,1.046,Breaststroke,High,Medium
A101,S900,SENS01,968,3.68,16.87,-4.24,34.66,1.07,Breaststroke,Low,Medium
A101,S900,SENS01,969,-0.22,14.94,-3.83,33.22,1.076,Breaststroke,High,Good
A101,S900,SENS01,970,-3.32,18.6,3.6,31.5,1.006,Breaststroke,Medium,Medium
A101,S900,SENS01,971,5.02,14.47,1.53,35.01,0.994,Breaststroke,High,Medium
A101,S900,SENS01,972,-0.21,22.07,2.37,36.24,1.026,Breaststroke,Medium,Medium
A101,S900,SENS01,973,-1.15,11.51,2.77,32.94,1.115,Breaststroke,High,Medium
A101,S900,SENS01,974,-1.19,13.29,-1.0,32.38,1.026,Breaststroke,High,Good
A101,S900,SENS01,975,-12.84,15.62,1.05,34.14,1.023,Breaststroke,High,Bad
A101,S900,SENS01,976,0.91,15.71,-3.79,31.98,1.018,Breaststroke,High,Medium
A101,S900,SENS01,977,-1.96,12.53,1.13,31.1,1.079,Breaststroke,Medium,Good
A101,S900,SENS01,978,1.31,23.62,0.04,33.34,1.098,Breaststroke,High,Bad
A101,S900,SENS01,979,-3.69,13.8,-7.33,35.95,1.068,Breaststroke,High,Bad
A101,S900,SENS01,980,-5.36,17.26,0.53,33.44,1.031,Breaststroke,High,Medium
A101,S900,SENS01,981,-0.59,20.16,0.24,32.44,0.959,Breaststroke,Medium,Medium
A101,S900,SENS01,982,-2.44,14.06,4.27,36.81,0.983,Breaststroke,Medium,Medium
A101,S900,SENS01,983,-0.47,12.23,-1.2,32.07,1.098,Breaststroke,High,Good
A101,S900,SENS01,984,3.09,11.72,-0.44,33.7,1.064,Breaststroke,Low,Medium
A101,S900,SENS01,985,7.56,13.59,2.29,35.29,1.002,Breaststroke,High,Bad
A101,S900,SENS01,986,-2.22,17.0,0.03,34.29,1.017,Breaststroke,Medium,Good
A101,S900,SENS01,987,1.3,20.35,6.79,38.02,1.036,Breaststroke,High,Bad
A101,S900,SENS01,988,3.8,18.76,-5.91,34.16,1.13,Breaststroke,High,Bad
A101,S900,SENS01,989,-3.18,16.77,5.85,34.98,1.035,Breaststroke,Medium,Medium
A101,S900,SENS01,990,-6.29,15.85,-6.14,34.23,0.926,Breaststroke,Low,Bad
A101,S900,SENS01,991,-2.63,14.51,-3.22,33.52,0.986,Breaststroke,Medium,Good
A101,S900,SENS01,992,-4.3,13.82,0.4,34.01,1.013,Breaststroke,High,Medium
A101,S900,SENS01,993,3.64,11.45,-4.01,35.48,1.015,Breaststroke,High,Bad
A101,S900,SENS01,994,-1.5,16.4,-3.7,34.94,1.071,Breaststroke,High,Medium
A101,S900,SENS01,995,-7.73,17.45,-0.01,34.8,1.149,Breaststroke,Medium,Medium
A101,S900,SENS01,996,-5.92,21.48,-1.54,31.96,1.031,Breaststroke,Medium,Bad
A101,S900,SENS01,997,1.21,12.45,0.59,35.66,1.024,Breaststroke,High,Good
A101,S900,SENS01,998,2.48,18.1,4.93,33.9,0.975,Breaststroke,High,Bad
A101,S900,SENS01,999,5.64,13.67,-4.0,35.69,1.072,Breaststroke,High,Medium
A101,S900,SENS01,1000,6.54,13.02,-9.1,35.29,0.98,Breaststroke,Medium,Bad
